,,,,,,,,,,,,,,,,,,,,
,コントラクト一覧（多摩）,,,,,,,,,,,,,,,,,,,
,,,,,,,,,,,,,,,,,,,,
,,,,,,,,,,,,,,,,,,,,
,Tenant名,VRF名,コントラクト名,Subject,用途,通信方向,"送信元システム
（サブネット名等）","宛先システム
（サブネット名等）","送信元EPG
（Provided)","宛先EPG
（Consumed)",Filter,,,,,備考,,,,
,,,,,,,,,,,エントリ名,プロトコル,プロトコル,ステートフル,ポート,,,,,
,tm-pacc,vrf-pacc,cont-both-paccdist-vzany,cont-subject,外部EPG接続,双方向許可,pacc-Dist,全システム,exepg-paccdist,vzAny,,,,,,,,,,
,,,cont-both-paccesg-vzany,cont-subject,外部EPG接続,双方向許可,pacc-ESG,全システム,exepg-paccesg,vzAny,,,,,,,,,,
,,,cont-both-paccCheck-vzany,cont-subject,システム間,双方向許可,本番勘定_疎通確認,全システム,epg-paccCheck,vzAny,,,,,,,,,,
,,,,,,,,,,,,,,,,,,,,
,tm-pinf,vrf-pinf,cont-both-pinfdist-vzany,cont-subject,外部EPG接続,双方向許可,pinf-Dist,全システム,exepg-pinfdist,vzAny,,,,,,,,,,
,,,cont-both-pinfesg-vzany,cont-subject,外部EPG接続,双方向許可,pinf-ESG,全システム,exepg-pinfesg,vzAny,,,,,,,,,,
,,,cont-both-pinfCheck-vzany,cont-subject,システム間,双方向許可,本番情報_疎通確認,全システム,epg-pinfCheck,vzAny,,,,,,,,,,
,,,cont-both-pinfasr01-vzany,cont-subject,外部EPG接続,双方向許可,pinf-ASR01,全システム,exepg-pinfasr01,vzAny,,,,,,,,,,
,,,cont-uni-epg-pHitachiSV_m2020,cont-subject,システム間,片方向のみ許可,サービスセグメント(日立サーバ収容)_Mintra2020,サービスセグメント(ストレージ管理)_Mintra2020,epg-pHitachiSV_m2020,epg-pstorage_m2020,,,,,,,,,,
,,,cont-uni-epg-pstorage_m2020,cont-subject,システム間,片方向のみ許可,サービスセグメント(ストレージ管理)_Mintra2020,サービスセグメント(日立サーバ収容)_Mintra2020,epg-pstorage_m2020,epg-pHitachiSV_m2020,,,,,,,,,,
,tm-pope,vrf-pope,cont-both-popedist-vzany,cont-subject,外部EPG接続,双方向許可,pope-Dist,全システム,exepg-popedist,vzAny,,,,,,,,,,
,,,cont-both-popeesg-vzany,cont-subject,外部EPG接続,双方向許可,pope-ESG,全システム,exepg-popeesg,vzAny,,,,,,,,,,
,,,cont-uni-epg-pmgmtLAN,cont-subject,システム間,片方向のみ許可,VM6_管理LAN,VM6_CMM/IMM,epg-pmgmtLAN,epg-pcmmimm,,,,,,,,,,
,,,,,,,VM6_管理LAN,VM6_CMM/IMM2,epg-pmgmtLAN,epg-pcmmimm2,,,,,,未定義（2019年3月_Synergy_本番昇格時に追加）,,,,
,,,,,,,VM6_管理LAN,リモートサポート内側セグメント,epg-pmgmtLAN,epg-pRemoteSupportInside,,,,,,未定義（2019年3月_Synergy_本番昇格時に追加）,,,,
,,,cont-uni-epg-pcmmimm,cont-subject,システム間,片方向のみ許可,VM6_CMM/IMM,VM6_管理LAN,epg-pcmmimm,epg-pmgmtLAN,,,,,,,,,,
,,,,,,,VM6_CMM/IMM,VM6_CMM/IMM2,epg-pcmmimm,epg-pcmmimm2,,,,,,未定義（2019年3月_Synergy_本番昇格時に追加）,,,,
,,,,,,,VM6_CMM/IMM,リモートサポート内側セグメント,epg-pcmmimm,epg-pRemoteSupportInside,,,,,,未定義（2019年3月_Synergy_本番昇格時に追加）,,,,
,,,cont-both-popeCheck-vzany,cont-subject,システム間,双方向許可,本番運用_疎通確認,全システム,epg-popeCheck,vzAny,,,,,,,,,,
,,,cont-uni-epg-pcmmimm2,cont-subject,システム間,片方向のみ許可,VM6_CMM/IMM2,VM6_管理LAN,epg-pcmmimm2,epg-pmgmtLAN,,,,,,未定義（2019年3月_Synergy_本番昇格時に追加）,,,,
,,,,,,,VM6_CMM/IMM2,VM6_CMM/IMM,epg-pcmmimm2,epg-pcmmimm,,,,,,未定義（2019年3月_Synergy_本番昇格時に追加）,,,,
,,,,,,,VM6_CMM/IMM2,リモートサポート内側セグメント,epg-pcmmimm2,epg-pRemoteSupportInside,,,,,,未定義（2019年3月_Synergy_本番昇格時に追加）,,,,
,,,cont-uni-epg-pRemoteSupportInside,cont-subject,システム間,片方向のみ許可,リモートサポート内側セグメント,VM6_管理LAN,epg-pRemoteSupportInside,epg-pmgmtLAN,,,,,,未定義（2019年3月_Synergy_本番昇格時に追加）,,,,
,,,,,,,リモートサポート内側セグメント,VM6_CMM/IMM2,epg-pRemoteSupportInside,epg-pcmmimm2,,,,,,未定義（2019年3月_Synergy_本番昇格時に追加）,,,,
,,,,,,,リモートサポート内側セグメント,VM6_CMM/IMM,epg-pRemoteSupportInside,epg-pcmmimm,,,,,,未定義（2019年3月_Synergy_本番昇格時に追加）,,,,
,,,cont-uni-epg-pNMSNBkanshi,cont-subject,システム間,片方向のみ許可,運用多摩NB監視LAN1,運用多摩NB運用LAN1,epg-pNMSNBkanshi,epg-pNMSNBunyo,,,,,,,,,,
,,,cont-uni-epg-pNMSNBunyo,cont-subject,システム間,片方向のみ許可,運用多摩NB運用LAN1,運用多摩NB監視LAN1,epg-pNMSNBunyo,epg-pNMSNBkanshi,,,,,,,,,,
,,,cont-uni-epg-pDHCP_m2020,cont-subject,システム間,片方向のみ許可,DHCPセグメント_Mintra2020,VMkernelセグメント_Mintra2020,epg-pDHCP_m2020,epg-pVMKernel_m2020,,,,,,,,,,
,,,,,,,DHCPセグメント_Mintra2020,vMotionセグメント_Mintra2020,epg-pDHCP_m2020,epg-pvMotion_m2020,,,,,,,,,,
,,,cont-uni-epg-pVMKernel_m2020,cont-subject,システム間,片方向のみ許可,VMkernelセグメント_Mintra2020,DHCPセグメント_Mintra2020,epg-pVMKernel_m2020,epg-pDHCP_m2020,,,,,,,,,,
,,,,,,,VMkernelセグメント_Mintra2020,vMotionセグメント_Mintra2020,epg-pVMKernel_m2020,epg-pvMotion_m2020,,,,,,,,,,
,,,cont-uni-epg-pvMotion_m2020,cont-subject,システム間,片方向のみ許可,vMotionセグメント_Mintra2020,DHCPセグメント_Mintra2020,epg-pvMotion_m2020,epg-pDHCP_m2020,,,,,,,,,,
,,,,,,,vMotionセグメント_Mintra2020,VMkernelセグメント_Mintra2020,epg-pvMotion_m2020,epg-pVMKernel_m2020,,,,,,,,,,
,tm-tacc,vrf-tacc,cont-both-taccdist-vzany,cont-subject,外部EPG接続,双方向許可,tacc-Dist,全システム,exepg-taccdist,vzAny,,,,,,,,,,
,,,cont-both-taccesg-vzany,cont-subject,外部EPG接続,双方向許可,tacc-ESG,全システム,exepg-taccesg,vzAny,,,,,,,,,,
,,,cont-both-taccesg2-vzany,cont-subject,外部EPG接続,双方向許可,tacc-ESG2,全システム,exepg-taccesg2,vzAny,,,,,,,,,,
,,,,,,,,,,,,,,,,,,,,
,tm-tinf,vrf-tinf,cont-both-tinfdist-vzany,cont-subject,外部EPG接続,双方向許可,tinf-Dist,全システム,exepg-tinfdist,vzAny,,,,,,,,,,
,,,cont-both-tinfesg-vzany,cont-subject,外部EPG接続,双方向許可,tinf-ESG,全システム,exepg-tinfesg,vzAny,,,,,,,,,,
,,,cont-both-tinfasr01-vzany,cont-subject,外部EPG接続,双方向許可,tinf-ASR01,全システム,exepg-tinfasr01,vzAny,,,,,,,,,,
,,,cont-uni-epg-tHitachiSV_m2020,cont-subject,システム間,片方向のみ許可,サービスセグメント(日立サーバ収容)_Mintra2020,サービスセグメント(ストレージ管理)_Mintra2020,epg-tHitachiSV_m2020,epg-tstorage_m2020,,,,,,,,,,
,,,cont-uni-epg-tstorage_m2020,cont-subject,システム間,片方向のみ許可,サービスセグメント(ストレージ管理)_Mintra2020,サービスセグメント(日立サーバ収容)_Mintra2020,epg-tstorage_m2020,epg-tHitachiSV_m2020,,,,,,,,,,
,,,cont-uni-epg-texadata_gyomu-1,cont-subject,システム間,片方向のみ許可,Exadata X8_VM用業務セグメント#1,Exadata X8_VM用業務セグメント#2,epg-texadata_gyomu-1,epg-texadata_gyomu-2,,,,,,,,,,
,,,,,,,Exadata X8_VM用業務セグメント#1,Exadata X8_VM用業務セグメント#3,epg-texadata_gyomu-1,epg-texadata_gyomu-3,,,,,,,,,,
,,,,,,,Exadata X8_VM用業務セグメント#1,Exadata X8_VM用業務セグメント#4,epg-texadata_gyomu-1,epg-texadata_gyomu-4,,,,,,,,,,
,,,,,,,Exadata X8_VM用業務セグメント#1,Exadata X8_VM用業務セグメント#5,epg-texadata_gyomu-1,epg-texadata_gyomu-5,,,,,,,,,,
,,,,,,,Exadata X8_VM用業務セグメント#1,Exadata X8_VM用業務セグメント#6,epg-texadata_gyomu-1,epg-texadata_gyomu-6,,,,,,,,,,
,,,,,,,Exadata X8_VM用業務セグメント#1,Exadata X8_VM用業務セグメント#7,epg-texadata_gyomu-1,epg-texadata_gyomu-7,,,,,,,,,,
,,,,,,,Exadata X8_VM用業務セグメント#1,Exadata X8_VM用業務セグメント#8,epg-texadata_gyomu-1,epg-texadata_gyomu-8,,,,,,,,,,
,,,cont-uni-epg-texadata_gyomu-2,cont-subject,システム間,片方向のみ許可,Exadata X8_VM用業務セグメント#2,Exadata X8_VM用業務セグメント#1,epg-texadata_gyomu-2,epg-texadata_gyomu-1,,,,,,,,,,
,,,,,,,Exadata X8_VM用業務セグメント#2,Exadata X8_VM用業務セグメント#3,epg-texadata_gyomu-2,epg-texadata_gyomu-3,,,,,,,,,,
,,,,,,,Exadata X8_VM用業務セグメント#2,Exadata X8_VM用業務セグメント#4,epg-texadata_gyomu-2,epg-texadata_gyomu-4,,,,,,,,,,
,,,,,,,Exadata X8_VM用業務セグメント#2,Exadata X8_VM用業務セグメント#5,epg-texadata_gyomu-2,epg-texadata_gyomu-5,,,,,,,,,,
,,,,,,,Exadata X8_VM用業務セグメント#2,Exadata X8_VM用業務セグメント#6,epg-texadata_gyomu-2,epg-texadata_gyomu-6,,,,,,,,,,
,,,,,,,Exadata X8_VM用業務セグメント#2,Exadata X8_VM用業務セグメント#7,epg-texadata_gyomu-2,epg-texadata_gyomu-7,,,,,,,,,,
,,,,,,,Exadata X8_VM用業務セグメント#2,Exadata X8_VM用業務セグメント#8,epg-texadata_gyomu-2,epg-texadata_gyomu-8,,,,,,,,,,
,,,cont-uni-epg-texadata_gyomu-3,cont-subject,システム間,片方向のみ許可,Exadata X8_VM用業務セグメント#3,Exadata X8_VM用業務セグメント#1,epg-texadata_gyomu-3,epg-texadata_gyomu-1,,,,,,,,,,
,,,,,,,Exadata X8_VM用業務セグメント#3,Exadata X8_VM用業務セグメント#2,epg-texadata_gyomu-3,epg-texadata_gyomu-2,,,,,,,,,,
,,,,,,,Exadata X8_VM用業務セグメント#3,Exadata X8_VM用業務セグメント#4,epg-texadata_gyomu-3,epg-texadata_gyomu-4,,,,,,,,,,
,,,,,,,Exadata X8_VM用業務セグメント#3,Exadata X8_VM用業務セグメント#5,epg-texadata_gyomu-3,epg-texadata_gyomu-5,,,,,,,,,,
,,,,,,,Exadata X8_VM用業務セグメント#3,Exadata X8_VM用業務セグメント#6,epg-texadata_gyomu-3,epg-texadata_gyomu-6,,,,,,,,,,
,,,,,,,Exadata X8_VM用業務セグメント#3,Exadata X8_VM用業務セグメント#7,epg-texadata_gyomu-3,epg-texadata_gyomu-7,,,,,,,,,,
,,,,,,,Exadata X8_VM用業務セグメント#3,Exadata X8_VM用業務セグメント#8,epg-texadata_gyomu-3,epg-texadata_gyomu-8,,,,,,,,,,
,,,cont-uni-epg-texadata_gyomu-4,cont-subject,システム間,片方向のみ許可,Exadata X8_VM用業務セグメント#4,Exadata X8_VM用業務セグメント#1,epg-texadata_gyomu-4,epg-texadata_gyomu-1,,,,,,,,,,
,,,,,,,Exadata X8_VM用業務セグメント#4,Exadata X8_VM用業務セグメント#2,epg-texadata_gyomu-4,epg-texadata_gyomu-2,,,,,,,,,,
,,,,,,,Exadata X8_VM用業務セグメント#4,Exadata X8_VM用業務セグメント#3,epg-texadata_gyomu-4,epg-texadata_gyomu-3,,,,,,,,,,
,,,,,,,Exadata X8_VM用業務セグメント#4,Exadata X8_VM用業務セグメント#5,epg-texadata_gyomu-4,epg-texadata_gyomu-5,,,,,,,,,,
,,,,,,,Exadata X8_VM用業務セグメント#4,Exadata X8_VM用業務セグメント#6,epg-texadata_gyomu-4,epg-texadata_gyomu-6,,,,,,,,,,
,,,,,,,Exadata X8_VM用業務セグメント#4,Exadata X8_VM用業務セグメント#7,epg-texadata_gyomu-4,epg-texadata_gyomu-7,,,,,,,,,,
,,,,,,,Exadata X8_VM用業務セグメント#4,Exadata X8_VM用業務セグメント#8,epg-texadata_gyomu-4,epg-texadata_gyomu-8,,,,,,,,,,
,,,cont-uni-epg-texadata_gyomu-5,cont-subject,システム間,片方向のみ許可,Exadata X8_VM用業務セグメント#5,Exadata X8_VM用業務セグメント#1,epg-texadata_gyomu-5,epg-texadata_gyomu-1,,,,,,,,,,
,,,,,,,Exadata X8_VM用業務セグメント#5,Exadata X8_VM用業務セグメント#2,epg-texadata_gyomu-5,epg-texadata_gyomu-2,,,,,,,,,,
,,,,,,,Exadata X8_VM用業務セグメント#5,Exadata X8_VM用業務セグメント#3,epg-texadata_gyomu-5,epg-texadata_gyomu-3,,,,,,,,,,
,,,,,,,Exadata X8_VM用業務セグメント#5,Exadata X8_VM用業務セグメント#4,epg-texadata_gyomu-5,epg-texadata_gyomu-4,,,,,,,,,,
,,,,,,,Exadata X8_VM用業務セグメント#5,Exadata X8_VM用業務セグメント#6,epg-texadata_gyomu-5,epg-texadata_gyomu-6,,,,,,,,,,
,,,,,,,Exadata X8_VM用業務セグメント#5,Exadata X8_VM用業務セグメント#7,epg-texadata_gyomu-5,epg-texadata_gyomu-7,,,,,,,,,,
,,,,,,,Exadata X8_VM用業務セグメント#5,Exadata X8_VM用業務セグメント#8,epg-texadata_gyomu-5,epg-texadata_gyomu-8,,,,,,,,,,
,,,cont-uni-epg-texadata_gyomu-6,cont-subject,システム間,片方向のみ許可,Exadata X8_VM用業務セグメント#6,Exadata X8_VM用業務セグメント#1,epg-texadata_gyomu-6,epg-texadata_gyomu-1,,,,,,,,,,
,,,,,,,Exadata X8_VM用業務セグメント#6,Exadata X8_VM用業務セグメント#2,epg-texadata_gyomu-6,epg-texadata_gyomu-2,,,,,,,,,,
,,,,,,,Exadata X8_VM用業務セグメント#6,Exadata X8_VM用業務セグメント#3,epg-texadata_gyomu-6,epg-texadata_gyomu-3,,,,,,,,,,
,,,,,,,Exadata X8_VM用業務セグメント#6,Exadata X8_VM用業務セグメント#4,epg-texadata_gyomu-6,epg-texadata_gyomu-4,,,,,,,,,,
,,,,,,,Exadata X8_VM用業務セグメント#6,Exadata X8_VM用業務セグメント#5,epg-texadata_gyomu-6,epg-texadata_gyomu-5,,,,,,,,,,
,,,,,,,Exadata X8_VM用業務セグメント#6,Exadata X8_VM用業務セグメント#7,epg-texadata_gyomu-6,epg-texadata_gyomu-7,,,,,,,,,,
,,,,,,,Exadata X8_VM用業務セグメント#6,Exadata X8_VM用業務セグメント#8,epg-texadata_gyomu-6,epg-texadata_gyomu-8,,,,,,,,,,
,,,cont-uni-epg-texadata_gyomu-7,cont-subject,システム間,片方向のみ許可,Exadata X8_VM用業務セグメント#7,Exadata X8_VM用業務セグメント#1,epg-texadata_gyomu-7,epg-texadata_gyomu-1,,,,,,,,,,
,,,,,,,Exadata X8_VM用業務セグメント#7,Exadata X8_VM用業務セグメント#2,epg-texadata_gyomu-7,epg-texadata_gyomu-2,,,,,,,,,,
,,,,,,,Exadata X8_VM用業務セグメント#7,Exadata X8_VM用業務セグメント#3,epg-texadata_gyomu-7,epg-texadata_gyomu-3,,,,,,,,,,
,,,,,,,Exadata X8_VM用業務セグメント#7,Exadata X8_VM用業務セグメント#4,epg-texadata_gyomu-7,epg-texadata_gyomu-4,,,,,,,,,,
,,,,,,,Exadata X8_VM用業務セグメント#7,Exadata X8_VM用業務セグメント#5,epg-texadata_gyomu-7,epg-texadata_gyomu-5,,,,,,,,,,
,,,,,,,Exadata X8_VM用業務セグメント#7,Exadata X8_VM用業務セグメント#6,epg-texadata_gyomu-7,epg-texadata_gyomu-6,,,,,,,,,,
,,,,,,,Exadata X8_VM用業務セグメント#7,Exadata X8_VM用業務セグメント#8,epg-texadata_gyomu-7,epg-texadata_gyomu-8,,,,,,,,,,
,,,cont-uni-epg-texadata_gyomu-8,cont-subject,システム間,片方向のみ許可,Exadata X8_VM用業務セグメント#8,Exadata X8_VM用業務セグメント#1,epg-texadata_gyomu-8,epg-texadata_gyomu-1,,,,,,,,,,
,,,,,,,Exadata X8_VM用業務セグメント#8,Exadata X8_VM用業務セグメント#2,epg-texadata_gyomu-8,epg-texadata_gyomu-2,,,,,,,,,,
,,,,,,,Exadata X8_VM用業務セグメント#8,Exadata X8_VM用業務セグメント#3,epg-texadata_gyomu-8,epg-texadata_gyomu-3,,,,,,,,,,
,,,,,,,Exadata X8_VM用業務セグメント#8,Exadata X8_VM用業務セグメント#4,epg-texadata_gyomu-8,epg-texadata_gyomu-4,,,,,,,,,,
,,,,,,,Exadata X8_VM用業務セグメント#8,Exadata X8_VM用業務セグメント#5,epg-texadata_gyomu-8,epg-texadata_gyomu-5,,,,,,,,,,
,,,,,,,Exadata X8_VM用業務セグメント#8,Exadata X8_VM用業務セグメント#6,epg-texadata_gyomu-8,epg-texadata_gyomu-6,,,,,,,,,,
,,,,,,,Exadata X8_VM用業務セグメント#8,Exadata X8_VM用業務セグメント#7,epg-texadata_gyomu-8,epg-texadata_gyomu-7,,,,,,,,,,
,,,cont-uni-epg-purestorage_iSCSI,cont-subject,システム間,片方向のみ許可,PureStorage_iSCSIセグメント,,epg-purestorage_iSCSI,,,,,,,,,,,
,tm-tope,vrf-tope,cont-both-topedist-vzany,cont-subject,外部EPG接続,双方向許可,tope-Dist,全システム,exepg-topedist,vzAny,,,,,,,,,,
,,,cont-both-topeesg-vzany,cont-subject,外部EPG接続,双方向許可,tope-ESG,全システム,exepg-topeesg,vzAny,,,,,,,,,,
,,,cont-both-topeesg2-vzany,cont-subject,外部EPG接続,双方向許可,tope-ESG2,全システム,exepg-topeesg2,vzAny,,,,,,,,,,
,,,cont-uni-epg-tmgmtLAN,cont-subject,システム間,片方向のみ許可,VM6_管理LAN,VM6_CMM/IMM,epg-tmgmtLAN,epg-tcmmimm,,,,,,本番昇格時に削除,,,,
,,,cont-uni-epg-tcmmimm,cont-subject,システム間,片方向のみ許可,VM6_CMM/IMM,VM6_管理LAN,epg-tcmmimm,epg-tmgmtLAN,,,,,,本番昇格時に削除,,,,
,,,cont-uni-epg-tmgmtLAN2,cont-subject,システム間,片方向のみ許可,VM6_管理LAN2,-,epg-tmgmtLAN2,-,,,,,,,,,,
,,,cont-uni-epg-tcmmimm2,cont-subject,システム間,片方向のみ許可,VM6_CMM/IMM2,リモートサポート内側セグメント,epg-tcmmimm2,epg-tRemoteSupportInside,,,,,,2019年3月_Synergy_本番昇格時に削除,,,,
,,,cont-uni-epg-tRemoteSupportInside,cont-subject,システム間,片方向のみ許可,リモートサポート内側セグメント,VM6_CMM/IMM2,epg-tRemoteSupportInside,epg-tcmmimm2,,,,,,2019年3月_Synergy_本番昇格時に削除,,,,
,,,cont-uni-epg-tNMSNBkanshi,cont-subject,システム間,片方向のみ許可,運用多摩NB監視LAN1,運用多摩NB運用LAN1,epg-tNMSNBkanshi,epg-tNMSNBunyo,,,,,,本番昇格時に削除,,,,
,,,cont-uni-epg-tNMSNBunyo,cont-subject,システム間,片方向のみ許可,運用多摩NB運用LAN1,運用多摩NB監視LAN1,epg-tNMSNBunyo,epg-tNMSNBkanshi,,,,,,本番昇格時に削除,,,,
,,,cont-uni-epg-tNMSBigipVipS,cont-subject,システム間,片方向のみ許可,NMS_BIG-IP_VIPセグメント_多摩本,,epg-tNMSBigipVipS,,,,,,,NMSテナント移設時(2019/3/16)に削除,,,,
,,,cont-uni-epg-tNMSIseS,cont-subject,システム間,片方向のみ許可,NMS_ISE収容セグメント_多摩本,,epg-tNMSIseS,,,,,,,NMSテナント移設時(2019/3/16)に削除,,,,
,,,cont-uni-epg-tNMSTransferServer1,cont-subject,システム間,片方向のみ許可,NMS_引継ぎサーバ収容セグメント#1_多摩本,NMS_引継ぎサーバ収容セグメント#2_多摩本,epg-tNMSTransferServer1,epg-tNMSTransferServer2,,,,,,NMSテナント移設時(2019/3/16)に削除,,,,
,,,,,,,NMS_引継ぎサーバ収容セグメント#1_多摩本,NMS_運用多摩AD運用LAN1_多摩本,epg-tNMSTransferServer1,epg-tNMSOpeTMADOpeLan1,,,,,,NMSテナント移設時(2019/3/16)に削除,,,,
,,,,,,,NMS_引継ぎサーバ収容セグメント#1_多摩本,NMS_運用多摩AD監視LAN1_多摩本,epg-tNMSTransferServer1,epg-tNMSOpeTMADMonLan1,,,,,,NMSテナント移設時(2019/3/16)に削除,,,,
,,,,,,,NMS_引継ぎサーバ収容セグメント#1_多摩本,NMS_運用多摩NM運用LAN1_多摩本,epg-tNMSTransferServer1,epg-tNMSOpeTMNMOpeLan1,,,,,,NMSテナント移設時(2019/3/16)に削除,,,,
,,,,,,,NMS_引継ぎサーバ収容セグメント#1_多摩本,NMS_運用多摩NM監視LAN1_多摩本,epg-tNMSTransferServer1,epg-tNMSOpeTMNMMonLan1,,,,,,NMSテナント移設時(2019/3/16)に削除,,,,
,,,,,,,NMS_引継ぎサーバ収容セグメント#1_多摩本,NMS_運用多摩QM運用LAN1_多摩本,epg-tNMSTransferServer1,epg-tNMSOpeTMQMOpeLan1,,,,,,NMSテナント移設時(2019/3/16)に削除,,,,
,,,,,,,NMS_引継ぎサーバ収容セグメント#1_多摩本,NMS_運用多摩QM監視LAN1_多摩本,epg-tNMSTransferServer1,epg-tNMSOpeTMQMMonLan1,,,,,,NMSテナント移設時(2019/3/16)に削除,,,,
,,,,,,,NMS_引継ぎサーバ収容セグメント#1_多摩本,NMS_運用多摩ポータル運用LAN1_多摩本,epg-tNMSTransferServer1,epg-tNMSOpeTMportalOpeLan1,,,,,,NMSテナント移設時(2019/3/16)に削除,,,,
,,,,,,,NMS_引継ぎサーバ収容セグメント#1_多摩本,NMS_運用多摩ポータル監視LAN1_多摩本,epg-tNMSTransferServer1,epg-tNMSOpeTMportalMonLan1,,,,,,NMSテナント移設時(2019/3/16)に削除,,,,
,,,,,,,NMS_引継ぎサーバ収容セグメント#1_多摩本,NMS_中間サーバ収容セグメント#1_多摩開,epg-tNMSTransferServer1,epg-tNMSMiddleServer1,,,,,,NMSテナント移設時(2019/3/16)に削除,,,,
,,,,,,,NMS_引継ぎサーバ収容セグメント#1_多摩本,NMS_中間サーバ収容セグメント#2_多摩開,epg-tNMSTransferServer1,epg-tNMSMiddleServer2,,,,,,NMSテナント移設時(2019/3/16)に削除,,,,
,,,cont-uni-epg-tNMSTransferServer2,cont-subject,システム間,片方向のみ許可,NMS_引継ぎサーバ収容セグメント#2_多摩本,NMS_引継ぎサーバ収容セグメント#1_多摩本,epg-tNMSTransferServer2,epg-tNMSTransferServer1,,,,,,NMSテナント移設時(2019/3/16)に削除,,,,
,,,,,,,NMS_引継ぎサーバ収容セグメント#2_多摩本,NMS_運用多摩AD運用LAN1_多摩本,epg-tNMSTransferServer2,epg-tNMSOpeTMADOpeLan1,,,,,,NMSテナント移設時(2019/3/16)に削除,,,,
,,,,,,,NMS_引継ぎサーバ収容セグメント#2_多摩本,NMS_運用多摩AD監視LAN1_多摩本,epg-tNMSTransferServer2,epg-tNMSOpeTMADMonLan1,,,,,,NMSテナント移設時(2019/3/16)に削除,,,,
,,,,,,,NMS_引継ぎサーバ収容セグメント#2_多摩本,NMS_運用多摩NM運用LAN1_多摩本,epg-tNMSTransferServer2,epg-tNMSOpeTMNMOpeLan1,,,,,,NMSテナント移設時(2019/3/16)に削除,,,,
,,,,,,,NMS_引継ぎサーバ収容セグメント#2_多摩本,NMS_運用多摩NM監視LAN1_多摩本,epg-tNMSTransferServer2,epg-tNMSOpeTMNMMonLan1,,,,,,NMSテナント移設時(2019/3/16)に削除,,,,
,,,,,,,NMS_引継ぎサーバ収容セグメント#2_多摩本,NMS_運用多摩QM運用LAN1_多摩本,epg-tNMSTransferServer2,epg-tNMSOpeTMQMOpeLan1,,,,,,NMSテナント移設時(2019/3/16)に削除,,,,
,,,,,,,NMS_引継ぎサーバ収容セグメント#2_多摩本,NMS_運用多摩QM監視LAN1_多摩本,epg-tNMSTransferServer2,epg-tNMSOpeTMQMMonLan1,,,,,,NMSテナント移設時(2019/3/16)に削除,,,,
,,,,,,,NMS_引継ぎサーバ収容セグメント#2_多摩本,NMS_運用多摩ポータル運用LAN1_多摩本,epg-tNMSTransferServer2,epg-tNMSOpeTMportalOpeLan1,,,,,,NMSテナント移設時(2019/3/16)に削除,,,,
,,,,,,,NMS_引継ぎサーバ収容セグメント#2_多摩本,NMS_運用多摩ポータル監視LAN1_多摩本,epg-tNMSTransferServer2,epg-tNMSOpeTMportalMonLan1,,,,,,NMSテナント移設時(2019/3/16)に削除,,,,
,,,,,,,NMS_引継ぎサーバ収容セグメント#2_多摩本,NMS_中間サーバ収容セグメント#1_多摩開,epg-tNMSTransferServer2,epg-tNMSMiddleServer1,,,,,,NMSテナント移設時(2019/3/16)に削除,,,,
,,,,,,,NMS_引継ぎサーバ収容セグメント#2_多摩本,NMS_中間サーバ収容セグメント#2_多摩開,epg-tNMSTransferServer2,epg-tNMSMiddleServer2,,,,,,NMSテナント移設時(2019/3/16)に削除,,,,
,,,cont-uni-epg-tNMSIseL2swMgmtS,cont-subject,システム間,片方向のみ許可,NMS_ISE収容L2SW被管理セグメント_多摩本,,epg-tNMSIseL2swMgmtS,,,,,,,NMSテナント移設時(2019/3/16)に削除,,,,
,,,cont-uni-epg-tNMSBigipVip,cont-subject,システム間,片方向のみ許可,NMS_BIG-IP_VIPセグメント_多摩開,,epg-tNMSBigipVip,,,,,,,NMSテナント移設時(2019/3/16)に削除,,,,
,,,cont-uni-epg-tNMSIse,cont-subject,システム間,片方向のみ許可,NMS_ISE収容セグメント_多摩開,NMS_中間サーバ収容セグメント#1_多摩開,epg-tNMSIse,epg-tNMSMiddleServer1,,,,,,NMSテナント移設時(2019/3/16)に削除,,,,
,,,cont-uni-epg-tNMSMiddleServer1,cont-subject,システム間,片方向のみ許可,NMS_中間サーバ収容セグメント#1_多摩開,NMS_引継ぎサーバ収容セグメント#1_多摩本,epg-tNMSMiddleServer1,epg-tNMSTransferServer1,,,,,,NMSテナント移設時(2019/3/16)に削除,,,,
,,,,,,,NMS_中間サーバ収容セグメント#1_多摩開,NMS_引継ぎサーバ収容セグメント#2_多摩本,epg-tNMSMiddleServer1,epg-tNMSTransferServer2,,,,,,NMSテナント移設時(2019/3/16)に削除,,,,
,,,,,,,NMS_中間サーバ収容セグメント#1_多摩開,NMS_運用多摩AD運用LAN1_多摩本,epg-tNMSMiddleServer1,epg-tNMSOpeTMADOpeLan1,,,,,,NMSテナント移設時(2019/3/16)に削除,,,,
,,,,,,,NMS_中間サーバ収容セグメント#1_多摩開,NMS_運用多摩AD監視LAN1_多摩本,epg-tNMSMiddleServer1,epg-tNMSOpeTMADMonLan1,,,,,,NMSテナント移設時(2019/3/16)に削除,,,,
,,,,,,,NMS_中間サーバ収容セグメント#1_多摩開,NMS_運用多摩NM運用LAN1_多摩本,epg-tNMSMiddleServer1,epg-tNMSOpeTMNMOpeLan1,,,,,,NMSテナント移設時(2019/3/16)に削除,,,,
,,,,,,,NMS_中間サーバ収容セグメント#1_多摩開,NMS_運用多摩NM監視LAN1_多摩本,epg-tNMSMiddleServer1,epg-tNMSOpeTMNMMonLan1,,,,,,NMSテナント移設時(2019/3/16)に削除,,,,
,,,,,,,NMS_中間サーバ収容セグメント#1_多摩開,NMS_運用多摩QM運用LAN1_多摩本,epg-tNMSMiddleServer1,epg-tNMSOpeTMQMOpeLan1,,,,,,NMSテナント移設時(2019/3/16)に削除,,,,
,,,,,,,NMS_中間サーバ収容セグメント#1_多摩開,NMS_運用多摩QM監視LAN1_多摩本,epg-tNMSMiddleServer1,epg-tNMSOpeTMQMMonLan1,,,,,,NMSテナント移設時(2019/3/16)に削除,,,,
,,,,,,,NMS_中間サーバ収容セグメント#1_多摩開,NMS_運用多摩ポータル運用LAN1_多摩本,epg-tNMSMiddleServer1,epg-tNMSOpeTMportalOpeLan1,,,,,,NMSテナント移設時(2019/3/16)に削除,,,,
,,,,,,,NMS_中間サーバ収容セグメント#1_多摩開,NMS_運用多摩ポータル監視LAN1_多摩本,epg-tNMSMiddleServer1,epg-tNMSOpeTMportalMonLan1,,,,,,NMSテナント移設時(2019/3/16)に削除,,,,
,,,,,,,NMS_中間サーバ収容セグメント#1_多摩開,NMS_中間サーバ収容セグメント#2_多摩開,epg-tNMSMiddleServer1,epg-tNMSMiddleServer2,,,,,,NMSテナント移設時(2019/3/16)に削除,,,,
,,,,,,,NMS_中間サーバ収容セグメント#1_多摩開,NMS_ISE収容セグメント_多摩開,epg-tNMSMiddleServer1,epg-tNMSIse,,,,,,NMSテナント移設時(2019/3/16)に削除,,,,
,,,cont-uni-epg-tNMSMiddleServer2,cont-subject,システム間,片方向のみ許可,NMS_中間サーバ収容セグメント#2_多摩開,NMS_引継ぎサーバ収容セグメント#1_多摩本,epg-tNMSMiddleServer2,epg-tNMSTransferServer1,,,,,,NMSテナント移設時(2019/3/16)に削除,,,,
,,,,,,,NMS_中間サーバ収容セグメント#2_多摩開,NMS_引継ぎサーバ収容セグメント#2_多摩本,epg-tNMSMiddleServer2,epg-tNMSTransferServer2,,,,,,NMSテナント移設時(2019/3/16)に削除,,,,
,,,,,,,NMS_中間サーバ収容セグメント#2_多摩開,NMS_運用多摩AD運用LAN1_多摩本,epg-tNMSMiddleServer2,epg-tNMSOpeTMADOpeLan1,,,,,,NMSテナント移設時(2019/3/16)に削除,,,,
,,,,,,,NMS_中間サーバ収容セグメント#2_多摩開,NMS_運用多摩AD監視LAN1_多摩本,epg-tNMSMiddleServer2,epg-tNMSOpeTMADMonLan1,,,,,,NMSテナント移設時(2019/3/16)に削除,,,,
,,,,,,,NMS_中間サーバ収容セグメント#2_多摩開,NMS_運用多摩NM運用LAN1_多摩本,epg-tNMSMiddleServer2,epg-tNMSOpeTMNMOpeLan1,,,,,,NMSテナント移設時(2019/3/16)に削除,,,,
,,,,,,,NMS_中間サーバ収容セグメント#2_多摩開,NMS_運用多摩NM監視LAN1_多摩本,epg-tNMSMiddleServer2,epg-tNMSOpeTMNMMonLan1,,,,,,NMSテナント移設時(2019/3/16)に削除,,,,
,,,,,,,NMS_中間サーバ収容セグメント#2_多摩開,NMS_運用多摩QM運用LAN1_多摩本,epg-tNMSMiddleServer2,epg-tNMSOpeTMQMOpeLan1,,,,,,NMSテナント移設時(2019/3/16)に削除,,,,
,,,,,,,NMS_中間サーバ収容セグメント#2_多摩開,NMS_運用多摩QM監視LAN1_多摩本,epg-tNMSMiddleServer2,epg-tNMSOpeTMQMMonLan1,,,,,,NMSテナント移設時(2019/3/16)に削除,,,,
,,,,,,,NMS_中間サーバ収容セグメント#2_多摩開,NMS_運用多摩ポータル運用LAN1_多摩本,epg-tNMSMiddleServer2,epg-tNMSOpeTMportalOpeLan1,,,,,,NMSテナント移設時(2019/3/16)に削除,,,,
,,,,,,,NMS_中間サーバ収容セグメント#2_多摩開,NMS_運用多摩ポータル監視LAN1_多摩本,epg-tNMSMiddleServer2,epg-tNMSOpeTMportalMonLan1,,,,,,NMSテナント移設時(2019/3/16)に削除,,,,
,,,,,,,NMS_中間サーバ収容セグメント#2_多摩開,NMS_中間サーバ収容セグメント#1_多摩開,epg-tNMSMiddleServer2,epg-tNMSMiddleServer1,,,,,,NMSテナント移設時(2019/3/16)に削除,,,,
,,,cont-uni-epg-tNMSIseL2swMgmt,cont-subject,システム間,片方向のみ許可,NMS_ISE収容L2SW被管理セグメント_多摩本,,epg-tNMSIseL2swMgmt,,,,,,,NMSテナント移設時(2019/3/16)に削除,,,,
,,,cont-uni-epg-tNMSOpeTMNMMonLan1,cont-subject,システム間,片方向のみ許可,NMS_運用多摩NM監視LAN1_多摩本,NMS_引継ぎサーバ収容セグメント#1_多摩本,epg-tNMSOpeTMNMMonLan1,epg-tNMSTransferServer1,,,,,,NMSテナント移設時(2019/3/16)に削除,,,,
,,,,,,,NMS_運用多摩NM監視LAN1_多摩本,NMS_引継ぎサーバ収容セグメント#2_多摩本,epg-tNMSOpeTMNMMonLan1,epg-tNMSTransferServer2,,,,,,NMSテナント移設時(2019/3/16)に削除,,,,
,,,,,,,NMS_運用多摩NM監視LAN1_多摩本,NMS_中間サーバ収容セグメント#1_多摩開,epg-tNMSOpeTMNMMonLan1,epg-tNMSMiddleServer1,,,,,,NMSテナント移設時(2019/3/16)に削除,,,,
,,,,,,,NMS_運用多摩NM監視LAN1_多摩本,NMS_中間サーバ収容セグメント#2_多摩開,epg-tNMSOpeTMNMMonLan1,epg-tNMSMiddleServer2,,,,,,NMSテナント移設時(2019/3/16)に削除,,,,
,,,cont-uni-epg-tNMSOpeTMQMMonLan1,cont-subject,システム間,片方向のみ許可,NMS_運用多摩QM監視LAN1_多摩本,NMS_引継ぎサーバ収容セグメント#1_多摩本,epg-tNMSOpeTMQMMonLan1,epg-tNMSTransferServer1,,,,,,NMSテナント移設時(2019/3/16)に削除,,,,
,,,,,,,NMS_運用多摩QM監視LAN1_多摩本,NMS_引継ぎサーバ収容セグメント#2_多摩本,epg-tNMSOpeTMQMMonLan1,epg-tNMSTransferServer2,,,,,,NMSテナント移設時(2019/3/16)に削除,,,,
,,,,,,,NMS_運用多摩QM監視LAN1_多摩本,NMS_中間サーバ収容セグメント#1_多摩開,epg-tNMSOpeTMQMMonLan1,epg-tNMSMiddleServer1,,,,,,NMSテナント移設時(2019/3/16)に削除,,,,
,,,,,,,NMS_運用多摩QM監視LAN1_多摩本,NMS_中間サーバ収容セグメント#2_多摩開,epg-tNMSOpeTMQMMonLan1,epg-tNMSMiddleServer2,,,,,,NMSテナント移設時(2019/3/16)に削除,,,,
,,,cont-uni-epg-tNMSOpeTMADMonLan1,cont-subject,システム間,片方向のみ許可,NMS_運用多摩AD監視LAN1_多摩本,NMS_引継ぎサーバ収容セグメント#1_多摩本,epg-tNMSOpeTMADMonLan1,epg-tNMSTransferServer1,,,,,,NMSテナント移設時(2019/3/16)に削除,,,,
,,,,,,,NMS_運用多摩AD監視LAN1_多摩本,NMS_引継ぎサーバ収容セグメント#2_多摩本,epg-tNMSOpeTMADMonLan1,epg-tNMSTransferServer2,,,,,,NMSテナント移設時(2019/3/16)に削除,,,,
,,,,,,,NMS_運用多摩AD監視LAN1_多摩本,NMS_中間サーバ収容セグメント#1_多摩開,epg-tNMSOpeTMADMonLan1,epg-tNMSMiddleServer1,,,,,,NMSテナント移設時(2019/3/16)に削除,,,,
,,,,,,,NMS_運用多摩AD監視LAN1_多摩本,NMS_中間サーバ収容セグメント#2_多摩開,epg-tNMSOpeTMADMonLan1,epg-tNMSMiddleServer2,,,,,,NMSテナント移設時(2019/3/16)に削除,,,,
,,,cont-uni-epg-tNMSOpeTMportalMonLan1,cont-subject,システム間,片方向のみ許可,NMS_運用多摩ポータル監視LAN1_多摩本,NMS_引継ぎサーバ収容セグメント#1_多摩本,epg-tNMSOpeTMportalMonLan1,epg-tNMSTransferServer1,,,,,,NMSテナント移設時(2019/3/16)に削除,,,,
,,,,,,,NMS_運用多摩ポータル監視LAN1_多摩本,NMS_引継ぎサーバ収容セグメント#2_多摩本,epg-tNMSOpeTMportalMonLan1,epg-tNMSTransferServer2,,,,,,NMSテナント移設時(2019/3/16)に削除,,,,
,,,,,,,NMS_運用多摩ポータル監視LAN1_多摩本,NMS_中間サーバ収容セグメント#1_多摩開,epg-tNMSOpeTMportalMonLan1,epg-tNMSMiddleServer1,,,,,,NMSテナント移設時(2019/3/16)に削除,,,,
,,,,,,,NMS_運用多摩ポータル監視LAN1_多摩本,NMS_中間サーバ収容セグメント#2_多摩開,epg-tNMSOpeTMportalMonLan1,epg-tNMSMiddleServer2,,,,,,NMSテナント移設時(2019/3/16)に削除,,,,
,,,cont-uni-epg-tNMSOpeTMNMOpeLan1,cont-subject,システム間,片方向のみ許可,NMS_運用多摩NM運用LAN1_多摩本,NMS_引継ぎサーバ収容セグメント#1_多摩本,epg-tNMSOpeTMNMOpeLan1,epg-tNMSTransferServer1,,,,,,NMSテナント移設時(2019/3/16)に削除,,,,
,,,,,,,NMS_運用多摩NM運用LAN1_多摩本,NMS_引継ぎサーバ収容セグメント#2_多摩本,epg-tNMSOpeTMNMOpeLan1,epg-tNMSTransferServer2,,,,,,NMSテナント移設時(2019/3/16)に削除,,,,
,,,,,,,NMS_運用多摩NM運用LAN1_多摩本,NMS_中間サーバ収容セグメント#1_多摩開,epg-tNMSOpeTMNMOpeLan1,epg-tNMSMiddleServer1,,,,,,NMSテナント移設時(2019/3/16)に削除,,,,
,,,,,,,NMS_運用多摩NM運用LAN1_多摩本,NMS_中間サーバ収容セグメント#2_多摩開,epg-tNMSOpeTMNMOpeLan1,epg-tNMSMiddleServer2,,,,,,NMSテナント移設時(2019/3/16)に削除,,,,
,,,cont-uni-epg-tNMSOpeTMQMOpeLan1,cont-subject,システム間,片方向のみ許可,NMS_運用多摩QM運用LAN1_多摩本,NMS_引継ぎサーバ収容セグメント#1_多摩本,epg-tNMSOpeTMQMOpeLan1,epg-tNMSTransferServer1,,,,,,NMSテナント移設時(2019/3/16)に削除,,,,
,,,,,,,NMS_運用多摩QM運用LAN1_多摩本,NMS_引継ぎサーバ収容セグメント#2_多摩本,epg-tNMSOpeTMQMOpeLan1,epg-tNMSTransferServer2,,,,,,NMSテナント移設時(2019/3/16)に削除,,,,
,,,,,,,NMS_運用多摩QM運用LAN1_多摩本,NMS_中間サーバ収容セグメント#1_多摩開,epg-tNMSOpeTMQMOpeLan1,epg-tNMSMiddleServer1,,,,,,NMSテナント移設時(2019/3/16)に削除,,,,
,,,,,,,NMS_運用多摩QM運用LAN1_多摩本,NMS_中間サーバ収容セグメント#2_多摩開,epg-tNMSOpeTMQMOpeLan1,epg-tNMSMiddleServer2,,,,,,NMSテナント移設時(2019/3/16)に削除,,,,
,,,cont-uni-epg-tNMSOpeTMADOpeLan1,cont-subject,システム間,片方向のみ許可,NMS_運用多摩AD運用LAN1_多摩本,NMS_引継ぎサーバ収容セグメント#1_多摩本,epg-tNMSOpeTMADOpeLan1,epg-tNMSTransferServer1,,,,,,NMSテナント移設時(2019/3/16)に削除,,,,
,,,,,,,NMS_運用多摩AD運用LAN1_多摩本,NMS_引継ぎサーバ収容セグメント#2_多摩本,epg-tNMSOpeTMADOpeLan1,epg-tNMSTransferServer2,,,,,,NMSテナント移設時(2019/3/16)に削除,,,,
,,,,,,,NMS_運用多摩AD運用LAN1_多摩本,NMS_中間サーバ収容セグメント#1_多摩開,epg-tNMSOpeTMADOpeLan1,epg-tNMSMiddleServer1,,,,,,NMSテナント移設時(2019/3/16)に削除,,,,
,,,,,,,NMS_運用多摩AD運用LAN1_多摩本,NMS_中間サーバ収容セグメント#2_多摩開,epg-tNMSOpeTMADOpeLan1,epg-tNMSMiddleServer2,,,,,,NMSテナント移設時(2019/3/16)に削除,,,,
,,,cont-uni-epg-tNMSOpeTMportalOpeLan1,cont-subject,システム間,片方向のみ許可,NMS_運用多摩ポータル運用LAN1_多摩本,NMS_引継ぎサーバ収容セグメント#1_多摩本,epg-tNMSOpeTMportalOpeLan1,epg-tNMSTransferServer1,,,,,,NMSテナント移設時(2019/3/16)に削除,,,,
,,,,,,,NMS_運用多摩ポータル運用LAN1_多摩本,NMS_引継ぎサーバ収容セグメント#2_多摩本,epg-tNMSOpeTMportalOpeLan1,epg-tNMSTransferServer2,,,,,,NMSテナント移設時(2019/3/16)に削除,,,,
,,,,,,,NMS_運用多摩ポータル運用LAN1_多摩本,NMS_中間サーバ収容セグメント#1_多摩開,epg-tNMSOpeTMportalOpeLan1,epg-tNMSMiddleServer1,,,,,,NMSテナント移設時(2019/3/16)に削除,,,,
,,,,,,,NMS_運用多摩ポータル運用LAN1_多摩本,NMS_中間サーバ収容セグメント#2_多摩開,epg-tNMSOpeTMportalOpeLan1,epg-tNMSMiddleServer2,,,,,,NMSテナント移設時(2019/3/16)に削除,,,,
,,,cont-uni-epg-tNMSOpeTMHeartBeat,cont-subject,システム間,片方向のみ許可,NMS_運用多摩系間LAN1（ハートビート用）_多摩本,,epg-tNMSOpeTMHeartBeat,,,,,,,NMSテナント移設時(2019/3/16)に削除,,,,
,,,cont-uni-epg-tNMSOpeTMReplication,cont-subject,システム間,片方向のみ許可,NMS_運用多摩系間LAN2（レプリケーション用）_多摩本,,epg-tNMSOpeTMReplication,,,,,,,NMSテナント移設時(2019/3/16)に削除,,,,
,,,cont-uni-epg-tNMS_BigipVip,cont-subject,システム間,片方向のみ許可,NMS_BIG-IP_VIPセグメント_多摩開,NMS_ISE収容L2SW被管理セグメント_多摩開,epg-tNMS_BigipVip,epg-tNMS_ISEL2swMgmt,,,,,,NMSテナント移設時(2019/3/16)に新規作成,,,,
,,,cont-uni-epg-tNMS_ISE,cont-subject,システム間,片方向のみ許可,NMS_ISE収容セグメント_多摩開,NMS_中間サーバ収容セグメント#1_多摩開,epg-tNMS_ISE,epg-tNMS_ChukanServer1,,,,,,NMSテナント移設時(2019/3/16)に新規作成,,,,
,,,cont-uni-epg-tNMS_ChukanServer1,cont-subject,システム間,片方向のみ許可,NMS_中間サーバ収容セグメント#1_多摩開,NMS_中間サーバ収容セグメント#2_多摩開,epg-tNMS_ChukanServer1,epg-tNMS_ChukanServer2,,,,,,NMSテナント移設時(2019/3/16)に新規作成,,,,
,,,,,,,NMS_中間サーバ収容セグメント#1_多摩開,NMS_ISE収容セグメント_多摩開,epg-tNMS_ChukanServer1,epg-tNMS_ISE,,,,,,NMSテナント移設時(2019/3/16)に新規作成,,,,
,,,cont-uni-epg-tNMS_ChukanServer2,cont-subject,システム間,片方向のみ許可,NMS_中間サーバ収容セグメント#2_多摩開,NMS_中間サーバ収容セグメント#1_多摩開,epg-tNMS_ChukanServer2,epg-tNMS_ChukanServer1,,,,,,NMSテナント移設時(2019/3/16)に新規作成,,,,
,,,cont-uni-epg-tNMS_ISEL2swMgmt,cont-subject,システム間,片方向のみ許可,NMS_ISE収容L2SW被管理セグメント_多摩開,NMS_BIG-IP_VIPセグメント_多摩開,epg-tNMS_ISEL2swMgmt,epg-tNMS_BigipVip,,,,,,NMSテナント移設時(2019/3/16)に新規作成,,,,
,,,cont-uni-epg-tDHCP_m2020,cont-subject,システム間,片方向のみ許可,DHCPセグメント_Mintra2020,VMkernelセグメント_Mintra2020,epg-tDHCP_m2020,epg-tVMKernel_m2020,,,,,,,,,,
,,,,,,,DHCPセグメント_Mintra2020,vMotionセグメント_Mintra2020,epg-tDHCP_m2020,epg-tvMotion_m2020,,,,,,,,,,
,,,cont-uni-epg-tVMKernel_m2020,cont-subject,システム間,片方向のみ許可,VMkernelセグメント_Mintra2020,DHCPセグメント_Mintra2020,epg-tVMKernel_m2020,epg-tDHCP_m2020,,,,,,,,,,
,,,,,,,VMkernelセグメント_Mintra2020,vMotionセグメント_Mintra2020,epg-tVMKernel_m2020,epg-tvMotion_m2020,,,,,,,,,,
,,,cont-uni-epg-tvMotion_m2020,cont-subject,システム間,片方向のみ許可,vMotionセグメント_Mintra2020,DHCPセグメント_Mintra2020,epg-tvMotion_m2020,epg-tDHCP_m2020,,,,,,,,,,
,,,,,,,vMotionセグメント_Mintra2020,VMkernelセグメント_Mintra2020,epg-tvMotion_m2020,epg-tVMKernel_m2020,,,,,,,,,,
,,,cont-uni-epg-tmgmt-tm-LAN3,cont-subject,システム間,片方向のみ許可,VM6_管理LAN#2（多摩）,VM6_vSAN,epg-tmgmt-tm-LAN3,epg-tvSAN3,,,,,,,,,,
,,,cont-uni-epg-tvSAN3,cont-subject,システム間,片方向のみ許可,VM6_vSAN,VM6_管理LAN#2（多摩）,epg-tvSAN3,epg-tmgmt-tm-LAN3,,,,,,,,,,
,,,cont-uni-epg-texadata_unyo-1,cont-subject,システム間,片方向のみ許可,Exadata X8_VM用運用セグメント#1,Exadata X8_物理機器管理用セグメント,epg-texadata_unyo-1,epg-texadata_kanri,,,,,,,,,,
,,,cont-uni-epg-texadata_unyo-2,cont-subject,システム間,片方向のみ許可,Exadata X8_VM用運用セグメント#2,Exadata X8_物理機器管理用セグメント,epg-texadata_unyo-2,epg-texadata_kanri,,,,,,,,,,
,,,cont-uni-epg-texadata_unyo-3,cont-subject,システム間,片方向のみ許可,Exadata X8_VM用運用セグメント#3,Exadata X8_物理機器管理用セグメント,epg-texadata_unyo-3,epg-texadata_kanri,,,,,,,,,,
,,,cont-uni-epg-texadata_unyo-4,cont-subject,システム間,片方向のみ許可,Exadata X8_VM用運用セグメント#4,Exadata X8_物理機器管理用セグメント,epg-texadata_unyo-4,epg-texadata_kanri,,,,,,,,,,
,,,cont-uni-epg-texadata_unyo-5,cont-subject,システム間,片方向のみ許可,Exadata X8_VM用運用セグメント#5,Exadata X8_物理機器管理用セグメント,epg-texadata_unyo-5,epg-texadata_kanri,,,,,,,,,,
,,,cont-uni-epg-texadata_unyo-6,cont-subject,システム間,片方向のみ許可,Exadata X8_VM用運用セグメント#6,Exadata X8_物理機器管理用セグメント,epg-texadata_unyo-6,epg-texadata_kanri,,,,,,,,,,
,,,cont-uni-epg-texadata_kanri,cont-subject,システム間,片方向のみ許可,Exadata X8_物理機器管理用セグメント,Exadata X8_VM用運用セグメント#1,epg-texadata_kanri,epg-texadata_unyo-1,,,,,,,,,,
,,,,,,,Exadata X8_物理機器管理用セグメント,Exadata X8_VM用運用セグメント#2,epg-texadata_kanri,epg-texadata_unyo-2,,,,,,,,,,
,,,,,,,Exadata X8_物理機器管理用セグメント,Exadata X8_VM用運用セグメント#3,epg-texadata_kanri,epg-texadata_unyo-3,,,,,,,,,,
,,,,,,,Exadata X8_物理機器管理用セグメント,Exadata X8_VM用運用セグメント#4,epg-texadata_kanri,epg-texadata_unyo-4,,,,,,,,,,
,,,,,,,Exadata X8_物理機器管理用セグメント,Exadata X8_VM用運用セグメント#5,epg-texadata_kanri,epg-texadata_unyo-5,,,,,,,,,,
,,,,,,,Exadata X8_物理機器管理用セグメント,Exadata X8_VM用運用セグメント#6,epg-texadata_kanri,epg-texadata_unyo-6,,,,,,,,,,
,,,,,,,Exadata X8_物理機器管理用セグメント,Exadata X8_VM用運用セグメント#7,epg-texadata_kanri,epg-texadata_unyo-7,,,,,,,,,,
,,,,,,,Exadata X8_物理機器管理用セグメント,Exadata X8_VM用運用セグメント#8,epg-texadata_kanri,epg-texadata_unyo-8,,,,,,,,,,
,,,cont-uni-epg-texadata_unyo-7,cont-subject,システム間,片方向のみ許可,Exadata X8_VM用運用セグメント#7,Exadata X8_物理機器管理用セグメント,epg-texadata_unyo-7,epg-texadata_kanri,,,,,,,,,,
,,,cont-uni-epg-texadata_unyo-8,cont-subject,システム間,片方向のみ許可,Exadata X8_VM用運用セグメント#8,Exadata X8_物理機器管理用セグメント,epg-texadata_unyo-8,epg-texadata_kanri,,,,,,,,,,
,,,cont-uni-epg-purestorage_unyokanri,cont-subject,システム間,片方向のみ許可,PureStorage_運用管理セグメント,,epg-purestorage_unyokanri,,,,,,,,,,,
,tm-vinf,vrf-vinf,cont-uni-epg-vxlan,cont-subject,システム間,片方向のみ許可,VM6_VXLAN,,epg-vxlan,,,,,,,,,,,
,,,cont-uni-epg-vmotion,cont-subject,システム間,片方向のみ許可,VM6_vMotion,,epg-vmotion,,,,,,,,,,,
,,,cont-uni-epg-ft,cont-subject,システム間,片方向のみ許可,VM6_FT,,epg-ft,,,,,,,,,,,
,,,cont-uni-epg-tmgmt-ch-LAN3,cont-subject,システム間,片方向のみ許可,VM6_管理LAN#2（千葉）,,epg-tmgmt-ch-LAN3,,,,,,,,,,,
,tm-pbak,vrf-pbak,cont-both-pbakbk-vzany,cont-subject,外部EPG接続,双方向許可,バックアップ通信（本番）,バックアップセグメント（本番）,exepg-pbakbk,vzAny,,,,,,※統合バックアップのACI Nativeについては、相互通信を許可しない方針のため、コントラクトは作成しない。,,,,
,,,cont-uni-epg-pHitachiBK_m2020,cont-subject,外部EPG接続,片方向のみ許可,日立バック収容セグメント_Mintra2020,,epg-pHitachiBK_m2020,,,,,,,※統合バックアップのACI Nativeについては、相互通信を許可しない方針のため、コントラクトは作成しない。,,,,
,tm-pnms,vrf-pnms,,,,,全システム,全システム,,,,,,,,※システム個別テナントにおいてはセキュリティ要件に従い、ACI内の経路制御（アクセスコントロール）を無効化する。,,,,
,tm-pwan,vrf-pwan,cont-uni-epg-pFT3,cont-subject,システム間,片方向のみ許可,VM6_FT#3,,epg-pFT3,,,,,,,,,,,
,,,cont-uni-epg-pvMotion3,cont-subject,システム間,片方向のみ許可,VM6_vMotion#3,,epg-pvMotion3,,,,,,,,,,,
,,,cont-uni-epg-pVXLAN3,cont-subject,システム間,片方向のみ許可,VM6_VXLAN#3,,epg-pVXLAN3,,,,,,,,,,,
,,,cont-both-pwandist-vzany,cont-subject,外部EPG接続,双方向許可,pwandist,全システム,exepg-pwandist,vzAny,,,,,,,,,,
