,,,,,,,,,,,,,,,,,,,,,,,,
,収容EPG一覧（多摩）,,,,,,,,,,,,,,,,,,,,,,,
,,,,,,,,,,,,,,,,,,,,,,,,
,,,,,,,,,,,,,,,,,,,,,,,,
,Tenant名,テナント名,VRF名,BD名(NW名),GW有無,Querier IP,"IGMP
Snooping","IPアドレス
（GW）",Associated L3out,EPG名(NW名),用途（サブネット名）,"システム名称
（英数字のみ、一意な値）",VLAN ID,"収容Leaf
（ホスト名）",収容ポート,Path Type,"PC/vPC
インターフェイスポリシー",VLAN Mode,接続先サーバ,,,QoS区分,Custom QoS,備考
,,,,,,,,,,,,,,,,,,,物理装置名,VM名 or 機能名,物理NIC名,,QoS Policy,
,tm-pacc,本番業務面勘定系,vrf-pacc,bd-paccCheck,有,無効,有効,11.3.31.177/29,l3out-paccdist,epg-paccCheck,本番勘定_疎通確認,paccCheck,1249,nwtm-i9318-zlfc2011,Eth1/45,Port,,Trunk(tag付き),,,,本番勘定（バッチ）,custom-qos-bat-pol,2/3リハ確認用セグメント
,,,,,,,,,,,,,,nwtm-i9318-zlfc2022,Eth1/46,Port,,Trunk(tag付き),,,,,,
,,,,,,,,,,,,,,nwtm-i9318-zlfi3011,Eth1/45,Port,,Trunk(tag付き),,,,,,
,,,,,,,,,,,,,,nwtm-i9318-zlfi3022,Eth1/46,Port,,Trunk(tag付き),,,,,,
,tm-pinf,本番業務面情報系,vrf-pinf,bd-pinfCheck,有,無効,有効,11.15.159.177/29,l3out-pinfdist,epg-pinfCheck,本番情報_疎通確認,pinfCheck,1199,nwtm-i9318-zlfc2011,Eth1/45,Port,,Trunk(tag付き),,,,本番情報・本番その他,custom-qos-pinf-pol,2/3リハ確認用セグメント
,,,,,,,,,,,,,,nwtm-i9318-zlfc2022,Eth1/46,Port,,Trunk(tag付き),,,,,,
,,,,,,,,,,,,,,nwtm-i9318-zlfi3011,Eth1/45,Port,,Trunk(tag付き),,,,,,
,,,,,,,,,,,,,,nwtm-i9318-zlfi3022,Eth1/46,Port,,Trunk(tag付き),,,,,,
,,,,bd-pHitachiSV_m2020,有,無効,有効,11.15.128.129/26,"l3out-pinfdist
l3out-pinftasr01",epg-pHitachiSV_m2020,サービスセグメント(日立サーバ収容)_Mintra2020,pHitachiSV_m2020,1102,nwtm-i9318-zlfs4031,Eth1/1,Port,,Trunk(tag付き),,,,本番情報・本番その他,custom-qos-pinf-pol,
,,,,,,,,,,,,,,,Eth1/2,Port,,Trunk(tag付き),,,,,,
,,,,,,,,,,,,,,,Eth1/3,Port,,Trunk(tag付き),,,,,,
,,,,,,,,,,,,,,,Eth1/4,Port,,Trunk(tag付き),,,,,,
,,,,,,,,,,,,,,,Eth1/5,Port,,Trunk(tag付き),,,,,,
,,,,,,,,,,,,,,,Eth1/6,Port,,Trunk(tag付き),,,,,,
,,,,,,,,,,,,,,,Eth1/7,Port,,Trunk(tag付き),,,,,,
,,,,,,,,,,,,,,,Eth1/8,Port,,Trunk(tag付き),,,,,,
,,,,,,,,,,,,,,nwtm-i9318-zlfs4042,Eth1/1,Port,,Trunk(tag付き),,,,,,
,,,,,,,,,,,,,,,Eth1/2,Port,,Trunk(tag付き),,,,,,
,,,,,,,,,,,,,,,Eth1/3,Port,,Trunk(tag付き),,,,,,
,,,,,,,,,,,,,,,Eth1/4,Port,,Trunk(tag付き),,,,,,
,,,,,,,,,,,,,,,Eth1/5,Port,,Trunk(tag付き),,,,,,
,,,,,,,,,,,,,,,Eth1/6,Port,,Trunk(tag付き),,,,,,
,,,,,,,,,,,,,,,Eth1/7,Port,,Trunk(tag付き),,,,,,
,,,,,,,,,,,,,,,Eth1/8,Port,,Trunk(tag付き),,,,,,
,,,,bd-pstorage_m2020,有,無効,有効,11.15.128.193/26,"l3out-pinfdist
l3out-pinftasr01",epg-pstorage_m2020,サービスセグメント(ストレージ管理)_Mintra2020,pstorage_m2020,1103,nwtm-i9318-zlfs4031,Eth1/9,Port,,Untagged,,,,本番情報・本番その他,custom-qos-pinf-pol,
,,,,,,,,,,,,,,,Eth1/10,Port,,Untagged,,,,,,
,,,,,,,,,,,,,,,Eth1/11,Port,,Untagged,,,,,,
,,,,,,,,,,,,,,,Eth1/12,Port,,Untagged,,,,,,
,,,,,,,,,,,,,,nwtm-i9318-zlfs4042,Eth1/9,Port,,Untagged,,,,,,
,,,,,,,,,,,,,,,Eth1/10,Port,,Untagged,,,,,,
,,,,,,,,,,,,,,,Eth1/11,Port,,Untagged,,,,,,
,tm-pope,本番運用面,vrf-pope,bd-pmgmtLAN,有,無効,有効,11.18.8.1/22,l3out-popedist,epg-pmgmtLAN,VM6_管理LAN,pmgmtLAN,1400,nwtm-i9318-zlfc2011,Eth1/45,Port,,Trunk(tag付き),,,,本番運用,custom-qos-pope-pol,tmgmtLANの本番昇格時に設定追加する
,,,,,,,,,,,,,,nwtm-i9318-zlfc2022,Eth1/46,Port,,Trunk(tag付き),,,,,,
,,,,,,,,,,,,,,nwtm-i9318-zlfi3011,Eth1/45,Port,,Trunk(tag付き),,,,,,
,,,,,,,,,,,,,,nwtm-i9318-zlfi3022,Eth1/46,Port,,Trunk(tag付き),,,,,,
,,,,,,,,,,,,,,nwtm-i9318-zlfs4011,Static Leaf,-,,Trunk(tag付き),,,,,,
,,,,,,,,,,,,,,nwtm-i9318-zlfs4022,Static Leaf,-,,Trunk(tag付き),,,,,,
,,,,bd-pcmmimm,有,無効,有効,11.18.12.1/22,l3out-popedist,epg-pcmmimm,VM6_CMM/IMM,pcmmimm,1401,nwtm-i9318-zlfc2011,Eth1/45,Port,,Trunk(tag付き),,,,本番運用,custom-qos-pope-pol,tcmmimmの本番昇格時に設定追加する
,,,,,,,,,,,,,,nwtm-i9318-zlfc2022,Eth1/46,Port,,Trunk(tag付き),,,,,,
,,,,,,,,,,,,,,nwtm-i9318-zlfi3011,Eth1/45,Port,,Trunk(tag付き),,,,,,
,,,,,,,,,,,,,,nwtm-i9318-zlfi3022,Eth1/46,Port,,Trunk(tag付き),,,,,,
,,,,,,,,,,,,,,nwtm-i9318-zlfs4011,"Eth1/15,31",Port,,Untagged,,,,,,
,,,,,,,,,,,,,,nwtm-i9318-zlfs4022,"Eth1/15,31",Port,,Untagged,,,,,,
,,,,,,,,,,epg-pcmmimm2,VM6_CMM/IMM2,pcmmimm2,1409,nwtm-i9318-zlfs4011,Eth1/37,Virtual Port Channel,pol-vpc-401-402-port-37,Trunk(tag付き),,,,本番運用,custom-qos-pope-pol,未定義（2019年5月_Synergy_本番昇格時に追加）
,,,,,,,,,,,,,,nwtm-i9318-zlfs4022,Eth1/37,Virtual Port Channel,pol-vpc-401-402-port-37,Trunk(tag付き),,,,,,未定義（2019年5月_Synergy_本番昇格時に追加）
,,,,bd-pRemoteSupportInside,有,無効,有効,11.18.128.129/28,l3out-popedist,epg-pRemoteSupportInside,リモートサポート内側セグメント,pRemoteSupportInside,1408,nwtm-i9318-zlfs4011,Eth1/37,Virtual Port Channel,pol-vpc-401-402-port-37,Trunk(tag付き),,,,本番運用,custom-qos-pope-pol,未定義（2019年5月_Synergy_本番昇格時に追加）
,,,,,,,,,,,,,,nwtm-i9318-zlfs4022,Eth1/37,Virtual Port Channel,pol-vpc-401-402-port-37,Trunk(tag付き),,,,,,未定義（2019年5月_Synergy_本番昇格時に追加）
,,,,bd-popeCheck,有,無効,有効,11.18.159.177/29,l3out-popedist,epg-popeCheck,本番運用_疎通確認,popeCheck,1349,nwtm-i9318-zlfc2011,Eth1/45,Port,,Trunk(tag付き),,,,本番運用,custom-qos-pope-pol,2/3リハ確認用セグメント
,,,,,,,,,,,,,,nwtm-i9318-zlfc2022,Eth1/46,Port,,Trunk(tag付き),,,,,,
,,,,,,,,,,,,,,nwtm-i9318-zlfi3011,Eth1/45,Port,,Trunk(tag付き),,,,,,
,,,,,,,,,,,,,,nwtm-i9318-zlfi3022,Eth1/46,Port,,Trunk(tag付き),,,,,,
,,,,bd-pNMSNBkanshi,有,無効,有効,11.18.129.33/27,l3out-popedist,epg-pNMSNBkanshi,NMS_運用多摩NB監視LAN1,pNMSNBkanshi,1253,nwtm-i9318-zlfs4011,"Eth1/3,4,19",Port,,Trunk(tag付き),,,,本番運用,custom-qos-pope-pol,
,,,,,,,,,,,,,,nwtm-i9318-zlfs4011,"Eth1/33,34,35,36",Port Channel,pol-pc-401-p5,Trunk(tag付き),,,,本番運用,,
,,,,,,,,,,,,,,nwtm-i9318-zlfs4022,"Eth1/3,4,19",Port,,Trunk(tag付き),,,,本番運用,,
,,,,,,,,,,,,,,nwtm-i9318-zlfs4022,"Eth1/33,34,35,36",Port Channel,pol-pc-402-p6,Trunk(tag付き),,,,本番運用,,
,,,,bd-pNMSNBunyo,有,無効,有効,11.18.129.97/27,l3out-popedist,epg-pNMSNBunyo,NMS_運用多摩NB運用LAN1,pNMSNBunyo,1255,nwtm-i9318-zlfs4011,"Eth1/3,4,19",Port,,Trunk(tag付き),,,,本番運用,custom-qos-pope-pol,
,,,,,,,,,,,,,,nwtm-i9318-zlfs4011,"Eth1/33,34,35,36",Port Channel,pol-pc-401-p5,Trunk(tag付き),,,,本番運用,,
,,,,,,,,,,,,,,nwtm-i9318-zlfs4022,"Eth1/3,4,19",Port,,Trunk(tag付き),,,,本番運用,,
,,,,,,,,,,,,,,nwtm-i9318-zlfs4022,"Eth1/33,34,35,36",Port Channel,pol-pc-402-p6,Trunk(tag付き),,,,本番運用,,
,,,,bd-pDHCP_m2020,有,無効,有効,11.18.133.1/26,l3out-popedist,epg-pDHCP_m2020,DHCPセグメント_Mintra2020,pDHCP_m2020,1272,nwtm-i9318-zlfs4031,Eth1/1,Port,,Trunk(tag付き),,,,本番運用,custom-qos-pope-pol,
,,,,,,,,,,,,,,,Eth1/2,Port,,Trunk(tag付き),,,,,,
,,,,,,,,,,,,,,,Eth1/3,Port,,Trunk(tag付き),,,,,,
,,,,,,,,,,,,,,,Eth1/4,Port,,Trunk(tag付き),,,,,,
,,,,,,,,,,,,,,,Eth1/5,Port,,Trunk(tag付き),,,,,,
,,,,,,,,,,,,,,,Eth1/6,Port,,Trunk(tag付き),,,,,,
,,,,,,,,,,,,,,,Eth1/7,Port,,Trunk(tag付き),,,,,,
,,,,,,,,,,,,,,,Eth1/8,Port,,Trunk(tag付き),,,,,,
,,,,,,,,,,,,,,nwtm-i9318-zlfs4042,Eth1/1,Port,,Trunk(tag付き),,,,,,
,,,,,,,,,,,,,,,Eth1/2,Port,,Trunk(tag付き),,,,,,
,,,,,,,,,,,,,,,Eth1/3,Port,,Trunk(tag付き),,,,,,
,,,,,,,,,,,,,,,Eth1/4,Port,,Trunk(tag付き),,,,,,
,,,,,,,,,,,,,,,Eth1/5,Port,,Trunk(tag付き),,,,,,
,,,,,,,,,,,,,,,Eth1/6,Port,,Trunk(tag付き),,,,,,
,,,,,,,,,,,,,,,Eth1/7,Port,,Trunk(tag付き),,,,,,
,,,,,,,,,,,,,,,Eth1/8,Port,,Trunk(tag付き),,,,,,
,,,,bd-pVMKernel_m2020,有,無効,有効,11.18.133.65/26,l3out-popedist,epg-pVMKernel_m2020,VMkernelセグメント_Mintra2020,pVMKernel_m2020,1273,nwtm-i9318-zlfs4031,Eth1/1,Port,,Trunk(tag付き),,,,本番運用,custom-qos-pope-pol,
,,,,,,,,,,,,,,,Eth1/2,Port,,Trunk(tag付き),,,,,,
,,,,,,,,,,,,,,,Eth1/3,Port,,Trunk(tag付き),,,,,,
,,,,,,,,,,,,,,,Eth1/4,Port,,Trunk(tag付き),,,,,,
,,,,,,,,,,,,,,,Eth1/5,Port,,Trunk(tag付き),,,,,,
,,,,,,,,,,,,,,,Eth1/6,Port,,Trunk(tag付き),,,,,,
,,,,,,,,,,,,,,,Eth1/7,Port,,Trunk(tag付き),,,,,,
,,,,,,,,,,,,,,,Eth1/8,Port,,Trunk(tag付き),,,,,,
,,,,,,,,,,,,,,nwtm-i9318-zlfs4042,Eth1/1,Port,,Trunk(tag付き),,,,,,
,,,,,,,,,,,,,,,Eth1/2,Port,,Trunk(tag付き),,,,,,
,,,,,,,,,,,,,,,Eth1/3,Port,,Trunk(tag付き),,,,,,
,,,,,,,,,,,,,,,Eth1/4,Port,,Trunk(tag付き),,,,,,
,,,,,,,,,,,,,,,Eth1/5,Port,,Trunk(tag付き),,,,,,
,,,,,,,,,,,,,,,Eth1/6,Port,,Trunk(tag付き),,,,,,
,,,,,,,,,,,,,,,Eth1/7,Port,,Trunk(tag付き),,,,,,
,,,,,,,,,,,,,,,Eth1/8,Port,,Trunk(tag付き),,,,,,
,,,,bd-pvMotion_m2020,有,無効,有効,11.18.133.129/26,l3out-popedist,epg-pvMotion_m2020,vMotionセグメント_Mintra2020,pvMotion_m2020,1274,nwtm-i9318-zlfs4031,Eth1/1,Port,,Trunk(tag付き),,,,本番運用,custom-qos-pope-pol,
,,,,,,,,,,,,,,,Eth1/2,Port,,Trunk(tag付き),,,,,,
,,,,,,,,,,,,,,,Eth1/3,Port,,Trunk(tag付き),,,,,,
,,,,,,,,,,,,,,,Eth1/4,Port,,Trunk(tag付き),,,,,,
,,,,,,,,,,,,,,,Eth1/5,Port,,Trunk(tag付き),,,,,,
,,,,,,,,,,,,,,,Eth1/6,Port,,Trunk(tag付き),,,,,,
,,,,,,,,,,,,,,,Eth1/7,Port,,Trunk(tag付き),,,,,,
,,,,,,,,,,,,,,,Eth1/8,Port,,Trunk(tag付き),,,,,,
,,,,,,,,,,,,,,nwtm-i9318-zlfs4042,Eth1/1,Port,,Trunk(tag付き),,,,,,
,,,,,,,,,,,,,,,Eth1/2,Port,,Trunk(tag付き),,,,,,
,,,,,,,,,,,,,,,Eth1/3,Port,,Trunk(tag付き),,,,,,
,,,,,,,,,,,,,,,Eth1/4,Port,,Trunk(tag付き),,,,,,
,,,,,,,,,,,,,,,Eth1/5,Port,,Trunk(tag付き),,,,,,
,,,,,,,,,,,,,,,Eth1/6,Port,,Trunk(tag付き),,,,,,
,,,,,,,,,,,,,,,Eth1/7,Port,,Trunk(tag付き),,,,,,
,,,,,,,,,,,,,,,Eth1/8,Port,,Trunk(tag付き),,,,,,
,tm-tinf,本昇業務面情報系,vrf-tinf,bd-tHitachiSV_m2020,有,無効,有効,11.15.128.129/26,"l3out-tinfdist
l3out-tinftasr01",epg-tHitachiSV_m2020,サービスセグメント(日立サーバ収容)_Mintra2020,tHitachiSV_m2020,1102,nwtm-i9318-zlfs4031,Eth1/1,Port,,Trunk(tag付き),,,,開発,custom-qos-test-pol,
,,,,,,,,,,,,,,,Eth1/2,Port,,Trunk(tag付き),,,,,,
,,,,,,,,,,,,,,,Eth1/3,Port,,Trunk(tag付き),,,,,,
,,,,,,,,,,,,,,,Eth1/4,Port,,Trunk(tag付き),,,,,,
,,,,,,,,,,,,,,,Eth1/5,Port,,Trunk(tag付き),,,,,,
,,,,,,,,,,,,,,,Eth1/6,Port,,Trunk(tag付き),,,,,,
,,,,,,,,,,,,,,,Eth1/7,Port,,Trunk(tag付き),,,,,,
,,,,,,,,,,,,,,,Eth1/8,Port,,Trunk(tag付き),,,,,,
,,,,,,,,,,,,,,nwtm-i9318-zlfs4042,Eth1/1,Port,,Trunk(tag付き),,,,,,
,,,,,,,,,,,,,,,Eth1/2,Port,,Trunk(tag付き),,,,,,
,,,,,,,,,,,,,,,Eth1/3,Port,,Trunk(tag付き),,,,,,
,,,,,,,,,,,,,,,Eth1/4,Port,,Trunk(tag付き),,,,,,
,,,,,,,,,,,,,,,Eth1/5,Port,,Trunk(tag付き),,,,,,
,,,,,,,,,,,,,,,Eth1/6,Port,,Trunk(tag付き),,,,,,
,,,,,,,,,,,,,,,Eth1/7,Port,,Trunk(tag付き),,,,,,
,,,,,,,,,,,,,,,Eth1/8,Port,,Trunk(tag付き),,,,,,
,,,,bd-tstorage_m2020,有,無効,有効,11.15.128.193/26,"l3out-tinfdist
l3out-tinftasr01",epg-tstorage_m2020,サービスセグメント(ストレージ管理)_Mintra2020,tstorage_m2020,1103,nwtm-i9318-zlfs4031,Eth1/9,Port,,Untagged,,,,開発,custom-qos-test-pol,
,,,,,,,,,,,,,,,Eth1/10,Port,,Untagged,,,,,,
,,,,,,,,,,,,,,,Eth1/11,Port,,Untagged,,,,,,
,,,,,,,,,,,,,,,Eth1/12,Port,,Untagged,,,,,,
,,,,,,,,,,,,,,,Eth1/13,Port,,Untagged,,,,,,
,,,,,,,,,,,,,,nwtm-i9318-zlfs4042,Eth1/9,Port,,Untagged,,,,,,
,,,,,,,,,,,,,,,Eth1/10,Port,,Untagged,,,,,,
,,,,,,,,,,,,,,,Eth1/11,Port,,Untagged,,,,,,
,,,,,,,,,,,,,,,Eth1/12,Port,,Untagged,,,,,,
,,,,bd-texadata_gyomu-1,有,無効,有効,11.15.130.1/27,"l3out-tinfdist
l3out-tinfasr01",epg-texadata_gyomu-1,Exadata X8_VM用業務セグメント#1,texadata_gyomu-1,1105,nwtm-i9318-zlfs4031,Eth1/14,Port,,Trunk(tag付き),,,,開発,custom-qos-test-pol,
,,,,,,,,,,,,,,,Eth1/15,Port,,Trunk(tag付き),,,,,,
,,,,,,,,,,,,,,nwtm-i9318-zlfs4042,Eth1/14,Port,,Trunk(tag付き),,,,,,
,,,,,,,,,,,,,,,Eth1/15,Port,,Trunk(tag付き),,,,,,
,,,,bd-texadata_gyomu-2,有,無効,有効,11.15.130.33/27,"l3out-tinfdist
l3out-tinfasr01",epg-texadata_gyomu-2,Exadata X8_VM用業務セグメント#2,texadata_gyomu-2,1106,nwtm-i9318-zlfs4031,Eth1/14,Port,,Trunk(tag付き),,,,開発,custom-qos-test-pol,
,,,,,,,,,,,,,,,Eth1/15,Port,,Trunk(tag付き),,,,,,
,,,,,,,,,,,,,,nwtm-i9318-zlfs4042,Eth1/14,Port,,Trunk(tag付き),,,,,,
,,,,,,,,,,,,,,,Eth1/15,Port,,Trunk(tag付き),,,,,,
,,,,bd-texadata_gyomu-3,有,無効,有効,11.15.130.65/27,"l3out-tinfdist
l3out-tinfasr01",epg-texadata_gyomu-3,Exadata X8_VM用業務セグメント#3,texadata_gyomu-3,1107,nwtm-i9318-zlfs4031,Eth1/14,Port,,Trunk(tag付き),,,,開発,custom-qos-test-pol,
,,,,,,,,,,,,,,,Eth1/15,Port,,Trunk(tag付き),,,,,,
,,,,,,,,,,,,,,nwtm-i9318-zlfs4042,Eth1/14,Port,,Trunk(tag付き),,,,,,
,,,,,,,,,,,,,,,Eth1/15,Port,,Trunk(tag付き),,,,,,
,,,,bd-texadata_gyomu-4,有,無効,有効,11.15.130.97/27,"l3out-tinfdist
l3out-tinfasr01",epg-texadata_gyomu-4,Exadata X8_VM用業務セグメント#4,texadata_gyomu-4,1108,nwtm-i9318-zlfs4031,Eth1/14,Port,,Trunk(tag付き),,,,開発,custom-qos-test-pol,
,,,,,,,,,,,,,,,Eth1/15,Port,,Trunk(tag付き),,,,,,
,,,,,,,,,,,,,,nwtm-i9318-zlfs4042,Eth1/14,Port,,Trunk(tag付き),,,,,,
,,,,,,,,,,,,,,,Eth1/15,Port,,Trunk(tag付き),,,,,,
,,,,bd-texadata_gyomu-5,有,無効,有効,11.15.130.129/27,"l3out-tinfdist
l3out-tinfasr01",epg-texadata_gyomu-5,Exadata X8_VM用業務セグメント#5,texadata_gyomu-5,1109,nwtm-i9318-zlfs4031,Eth1/14,Port,,Trunk(tag付き),,,,開発,custom-qos-test-pol,
,,,,,,,,,,,,,,,Eth1/15,Port,,Trunk(tag付き),,,,,,
,,,,,,,,,,,,,,nwtm-i9318-zlfs4042,Eth1/14,Port,,Trunk(tag付き),,,,,,
,,,,,,,,,,,,,,,Eth1/15,Port,,Trunk(tag付き),,,,,,
,,,,bd-texadata_gyomu-6,有,無効,有効,11.15.130.161/27,"l3out-tinfdist
l3out-tinfasr01",epg-texadata_gyomu-6,Exadata X8_VM用業務セグメント#6,texadata_gyomu-6,1110,nwtm-i9318-zlfs4031,Eth1/14,Port,,Trunk(tag付き),,,,開発,custom-qos-test-pol,
,,,,,,,,,,,,,,,Eth1/15,Port,,Trunk(tag付き),,,,,,
,,,,,,,,,,,,,,nwtm-i9318-zlfs4042,Eth1/14,Port,,Trunk(tag付き),,,,,,
,,,,,,,,,,,,,,,Eth1/15,Port,,Trunk(tag付き),,,,,,
,,,,bd-texadata_gyomu-7,有,無効,有効,12.15.130.193/27,"l3out-tinfdist
l3out-tinfasr01",epg-texadata_gyomu-7,Exadata X8_VM用業務セグメント#7,texadata_gyomu-7,1911,nwtm-i9318-zlfs4031,Eth1/14,Port,,Trunk(tag付き),,,,開発,custom-qos-test-pol,
,,,,,,,,,,,,,,,Eth1/15,Port,,Trunk(tag付き),,,,,,
,,,,,,,,,,,,,,nwtm-i9318-zlfs4042,Eth1/14,Port,,Trunk(tag付き),,,,,,
,,,,,,,,,,,,,,,Eth1/15,Port,,Trunk(tag付き),,,,,,
,,,,bd-texadata_gyomu-8,有,無効,有効,12.15.130.225/27,"l3out-tinfdist
l3out-tinfasr01",epg-texadata_gyomu-8,Exadata X8_VM用業務セグメント#8,texadata_gyomu-8,1912,nwtm-i9318-zlfs4031,Eth1/14,Port,,Trunk(tag付き),,,,開発,custom-qos-test-pol,
,,,,,,,,,,,,,,,Eth1/15,Port,,Trunk(tag付き),,,,,,
,,,,,,,,,,,,,,nwtm-i9318-zlfs4042,Eth1/14,Port,,Trunk(tag付き),,,,,,
,,,,,,,,,,,,,,,Eth1/15,Port,,Trunk(tag付き),,,,,,
,,,,bd-purestorage_iSCSI,有,無効,有効,11.15.129.65/27,"l3out-tinfdist
l3out-tinfasr01",epg-purestorage_iSCSI,PureStorage_iSCSIセグメント,purestorage_iSCSI,1113,nwtm-i9318-zlfs4031,eth1/21,Port,,802.1P,,,,開発,custom-qos-test-pol,
,,,,,,,,,,,,,,,eth1/22,Port,,802.1P,,,,,,
,,,,,,,,,,,,,,nwtm-i9318-zlfs4042,eth1/21,Port,,802.1P,,,,,,
,,,,,,,,,,,,,,,eth1/22,Port,,802.1P,,,,,,
,,,,,,,,,,,,,,nwtm-i9318-zlfs4011,"Eth1/33,34,35,36",Port Channel,pol-pc-401-p5,Trunk(tag付き),,,,,,
,,,,,,,,,,,,,,nwtm-i9318-zlfs4022,"Eth1/33,34,35,36",Port Channel,pol-pc-402-p6,Trunk(tag付き),,,,,,
,,,,,,,,,,,,,,nwtm-i9318-zlfs4011,Eth1/37,Virtual Port Channel,pol-vpc-401-402-port-37,Trunk(tag付き),,,,,,
,,,,,,,,,,,,,,nwtm-i9318-zlfs4022,Eth1/37,Virtual Port Channel,pol-vpc-401-402-port-37,Trunk(tag付き),,,,,,
,,,,bd-tHitachiSV_m2020,有,無効,有効,11.15.128.129/26,"l3out-tinfdist
l3out-tinfasr01",epg-tHitachiSV_m2020,サービスセグメント(日立サーバ収容)_Mintra2020,tHitachiSV_m2020,1102,nwtm-i9318-zlfc2011,Eth1/6,Port,,Trunk(tag付き),,,,開発,custom-qos-test-pol,2019/6末 新規Leaf追加時振替のため削除
,,,,,,,,,,,,,,,Eth1/7,Port,,Trunk(tag付き),,,,,,2019/6末 新規Leaf追加時振替のため削除
,,,,,,,,,,,,,,,Eth1/8,Port,,Trunk(tag付き),,,,,,2019/6末 新規Leaf追加時振替のため削除
,,,,,,,,,,,,,,,Eth1/9,Port,,Trunk(tag付き),,,,,,2019/6末 新規Leaf追加時振替のため削除
,,,,,,,,,,,,,,,Eth1/10,Port,,Trunk(tag付き),,,,,,2019/6末 新規Leaf追加時振替のため削除
,,,,,,,,,,,,,,,Eth1/11,Port,,Trunk(tag付き),,,,,,2019/6末 新規Leaf追加時振替のため削除
,,,,,,,,,,,,,,,Eth1/12,Port,,Trunk(tag付き),,,,,,2019/6末 新規Leaf追加時振替のため削除
,,,,,,,,,,,,,,,Eth1/13,Port,,Trunk(tag付き),,,,,,2019/6末 新規Leaf追加時振替のため削除
,,,,bd-tstorage_m2020,有,無効,有効,11.15.128.193/26,"l3out-tinfdist
l3out-tinfasr01
",epg-tstorage_m2020,サービスセグメント(ストレージ管理)_Mintra2020,tstorage_m2020,1103,nwtm-i9318-zlfc2011,Eth1/14,Port,,Untagged,,,,開発,custom-qos-test-pol,2019/6末 新規Leaf追加時振替のため削除
,,,,,,,,,,,,,,,Eth1/15,Port,,Untagged,,,,,,2019/6末 新規Leaf追加時振替のため削除
,,,,,,,,,,,,,,,Eth1/16,Port,,Untagged,,,,,,2019/6末 新規Leaf追加時振替のため削除
,,,,,,,,,,,,,,,Eth1/17,Port,,Untagged,,,,,,2019/6末 新規Leaf追加時振替のため削除
,tm-tope,本昇運用面,vrf-tope,bd-tmgmtLAN,有,無効,有効,11.18.8.1/22,l3out-topedist,epg-tmgmtLAN,VM6_管理LAN,tmgmtLAN,1400,nwtm-i9318-zlfc2011,Eth1/45,Port,,Trunk(tag付き),,,,開発,custom-qos-test-pol,本番昇格時に削除
,,,,,,,,,,,,,,nwtm-i9318-zlfc2022,Eth1/46,Port,,Trunk(tag付き),,,,,,
,,,,,,,,,,,,,,nwtm-i9318-zlfi3011,Eth1/45,Port,,Trunk(tag付き),,,,,,
,,,,,,,,,,,,,,nwtm-i9318-zlfi3022,Eth1/46,Port,,Trunk(tag付き),,,,,,
,,,,,,,,,,,,,,nwtm-i9318-zlfs4011,Static Leaf,-,,Trunk(tag付き),,,,,,
,,,,,,,,,,,,,,nwtm-i9318-zlfs4022,Static Leaf,-,,Trunk(tag付き),,,,,,
,,,,,,,,,,epg-tmgmtLAN2,VM6_管理LAN2,tmgmtLAN2,1800,nwtm-i9318-zlfs4011,Static Leaf,-,,Trunk(tag付き),,,,開発,custom-qos-test-pol,
,,,,,,,,,,,,,,nwtm-i9318-zlfs4022,Static Leaf,-,,Trunk(tag付き),,,,開発,,
,,,,bd-tcmmimm,有,無効,有効,11.18.12.1/22,l3out-topedist,epg-tcmmimm,VM6_CMM/IMM,tcmmimm,1401,nwtm-i9318-zlfc2011,Eth1/45,Port,,Trunk(tag付き),,,,開発,custom-qos-test-pol,本番昇格時に削除
,,,,,,,,,,,,,,nwtm-i9318-zlfc2022,Eth1/46,Port,,Trunk(tag付き),,,,,,
,,,,,,,,,,,,,,nwtm-i9318-zlfi3011,Eth1/45,Port,,Trunk(tag付き),,,,,,
,,,,,,,,,,,,,,nwtm-i9318-zlfi3022,Eth1/46,Port,,Trunk(tag付き),,,,,,
,,,,,,,,,,,,,,nwtm-i9318-zlfs4011,"Eth1/15,31",Port,,Untagged,,,,,,
,,,,,,,,,,,,,,nwtm-i9318-zlfs4022,"Eth1/15,31",Port,,Untagged,,,,,,
,,,,,,,,,,epg-tcmmimm2,VM6_CMM/IMM2,tcmmimm2,1409,nwtm-i9318-zlfs4011,Eth1/37,Virtual Port Channel,pol-vpc-401-402-port-37,Trunk(tag付き),,,,開発,custom-qos-test-pol,2019年5月_Synergy_本番昇格時に削除
,,,,,,,,,,,,,,nwtm-i9318-zlfs4022,Eth1/37,Virtual Port Channel,pol-vpc-401-402-port-37,Trunk(tag付き),,,,,,2019年5月_Synergy_本番昇格時に削除
,,,,bd-tRemoteSupportInside,有,無効,有効,11.18.128.129/28,l3out-topedist,epg-tRemoteSupportInside,リモートサポート内側セグメント,tRemoteSupportInside,1408,nwtm-i9318-zlfs4011,Eth1/37,Virtual Port Channel,pol-vpc-401-402-port-37,Trunk(tag付き),,,,開発,custom-qos-test-pol,2019年5月_Synergy_本番昇格時に削除
,,,,,,,,,,,,,,nwtm-i9318-zlfs4022,Eth1/37,Virtual Port Channel,pol-vpc-401-402-port-37,Trunk(tag付き),,,,,,2019年5月_Synergy_本番昇格時に削除
,,,,bd-tNMSNBkanshi,有,無効,有効,11.18.129.33/27,l3out-topedist,epg-tNMSNBkanshi,NMS_運用多摩NB監視LAN1,tNMSNBkanshi,1253,nwtm-i9318-zlfs4011,"Eth1/3,4,19",Port,,Trunk(tag付き),,,,開発,custom-qos-test-pol,本番昇格時に削除
,,,,,,,,,,,,,,nwtm-i9318-zlfs4011,"Eth1/33,34,35,36",Port Channel,pol-pc-401-p5,Trunk(tag付き),,,,開発,,本番昇格時に削除
,,,,,,,,,,,,,,nwtm-i9318-zlfs4022,"Eth1/3,4,19",Port,,Trunk(tag付き),,,,開発,,本番昇格時に削除
,,,,,,,,,,,,,,nwtm-i9318-zlfs4022,"Eth1/33,34,35,36",Port Channel,pol-pc-402-p6,Trunk(tag付き),,,,開発,,本番昇格時に削除
,,,,bd-tNMSNBunyo,有,無効,有効,11.18.129.97/27,l3out-topedist,epg-tNMSNBunyo,NMS_運用多摩NB運用LAN1,tNMSNBunyo,1255,nwtm-i9318-zlfs4011,"Eth1/3,4,19",Port,,Trunk(tag付き),,,,開発,custom-qos-test-pol,本番昇格時に削除
,,,,,,,,,,,,,,nwtm-i9318-zlfs4011,"Eth1/33,34,35,36",Port Channel,pol-pc-401-p5,Trunk(tag付き),,,,開発,,本番昇格時に削除
,,,,,,,,,,,,,,nwtm-i9318-zlfs4022,"Eth1/3,4,19",Port,,Trunk(tag付き),,,,開発,,本番昇格時に削除
,,,,,,,,,,,,,,nwtm-i9318-zlfs4022,"Eth1/33,34,35,36",Port Channel,pol-pc-402-p6,Trunk(tag付き),,,,開発,,本番昇格時に削除
,,,,bd-tNMSBigipVipS,有,無効,有効,11.18.129.129/28,l3out-topedist,epg-tNMSBigipVipS,NMS_BIG-IP_VIPセグメント_多摩本,tNMSBigipVipS,1256,nwtm-i9318-zlfc2011,Eth1/1,Port,,Trunk(tag付き),,,,開発,custom-qos-test-pol,NMSテナント移設時(2019/3/16)に削除
,,,,,,,,,,,,,,nwtm-i9318-zlfc2022,Eth1/1,Port,,Trunk(tag付き),,,,開発,,NMSテナント移設時(2019/3/16)に削除
,,,,bd-tNMSIseS,有,無効,有効,11.18.129.161/28,l3out-topedist,epg-tNMSIseS,NMS_ISE収容セグメント_多摩本,tNMSIseS,1258,nwtm-i9318-zlfc2011,Eth1/3,Port,,Trunk(tag付き),,,,開発,custom-qos-test-pol,NMSテナント移設時(2019/3/16)に削除
,,,,,,,,,,,,,,nwtm-i9318-zlfc2022,Eth1/3,Port,,Trunk(tag付き),,,,開発,,NMSテナント移設時(2019/3/16)に削除
,,,,bd-tNMSTransferServer1,有,無効,有効,11.18.129.177/28,l3out-topedist,epg-tNMSTransferServer1,NMS_引継ぎサーバ収容セグメント#1_多摩本,tNMSTransferServer1,1259,nwtm-i9318-zlfc2011,Eth1/4,Port,,Untagged,,,,開発,custom-qos-test-pol,NMSテナント移設時(2019/3/16)に削除
,,,,,,,,,,,,,,nwtm-i9318-zlfc2022,Eth1/4,Port,,Untagged,,,,開発,,NMSテナント移設時(2019/3/16)に削除
,,,,bd-tNMSTransferServer2,有,無効,有効,11.18.129.193/28,l3out-topedist,epg-tNMSTransferServer2,NMS_引継ぎサーバ収容セグメント#2_多摩本,tNMSTransferServer2,1260,nwtm-i9318-zlfc2011,Eth1/5,Port,,Untagged,,,,開発,custom-qos-test-pol,NMSテナント移設時(2019/3/16)に削除
,,,,,,,,,,,,,,nwtm-i9318-zlfc2022,Eth1/5,Port,,Untagged,,,,開発,,NMSテナント移設時(2019/3/16)に削除
,,,,bd-tNMSIseL2swMgmtS,有,無効,有効,11.18.129.209/28,l3out-topedist,epg-tNMSIseL2swMgmtS,NMS_ISE収容L2SW被管理セグメント_多摩本,tNMSIseL2swMgmtS,1261,nwtm-i9318-zlfc2011,Eth1/2,Port,,Trunk(tag付き),,,,開発,custom-qos-test-pol,NMSテナント移設時(2019/3/16)に削除
,,,,,,,,,,,,,,nwtm-i9318-zlfc2022,Eth1/2,Port,,Trunk(tag付き),,,,開発,,NMSテナント移設時(2019/3/16)に削除
,,,,bd-tNMSBigipVip,有,無効,有効,12.18.129.129/28,l3out-topedist,epg-tNMSBigipVip,NMS_BIG-IP_VIPセグメント_多摩開,tNMSBigipVip,2056,nwtm-i9318-zlfc2011,Eth1/32,Port,,Trunk(tag付き),,,,開発,custom-qos-test-pol,NMSテナント移設時(2019/3/16)に削除
,,,,,,,,,,,,,,nwtm-i9318-zlfc2022,Eth1/32,Port,,Trunk(tag付き),,,,開発,,NMSテナント移設時(2019/3/16)に削除
,,,,bd-tNMSIse,有,無効,有効,12.18.129.161/28,l3out-topedist,epg-tNMSIse,NMS_ISE収容セグメント_多摩開,tNMSIse,2058,nwtm-i9318-zlfc2011,Eth1/30,Port,,Trunk(tag付き),,,,開発,custom-qos-test-pol,NMSテナント移設時(2019/3/16)に削除
,,,,,,,,,,,,,,nwtm-i9318-zlfc2022,Eth1/30,Port,,Trunk(tag付き),,,,開発,,NMSテナント移設時(2019/3/16)に削除
,,,,bd-tNMSMiddleServer1,有,無効,有効,12.18.129.177/28,l3out-topedist,epg-tNMSMiddleServer1,NMS_中間サーバ収容セグメント#1_多摩開,tNMSMiddleServer1,2059,nwtm-i9318-zlfc2011,Eth1/29,Port,,Untagged,,,,開発,custom-qos-test-pol,NMSテナント移設時(2019/3/16)に削除
,,,,,,,,,,,,,,nwtm-i9318-zlfc2022,Eth1/29,Port,,Untagged,,,,開発,,NMSテナント移設時(2019/3/16)に削除
,,,,bd-tNMSMiddleServer2,有,無効,有効,12.18.129.193/28,l3out-topedist,epg-tNMSMiddleServer2,NMS_中間サーバ収容セグメント#2_多摩開,tNMSMiddleServer2,2060,nwtm-i9318-zlfc2011,Eth1/28,Port,,Untagged,,,,開発,custom-qos-test-pol,NMSテナント移設時(2019/3/16)に削除
,,,,,,,,,,,,,,nwtm-i9318-zlfc2022,Eth1/28,Port,,Untagged,,,,開発,,NMSテナント移設時(2019/3/16)に削除
,,,,bd-tNMSIseL2swMgmt,有,無効,有効,12.18.129.209/28,l3out-topedist,epg-tNMSIseL2swMgmt,NMS_ISE収容L2SW被管理セグメント_多摩本,tNMSIseL2swMgmt,2061,nwtm-i9318-zlfc2011,Eth1/31,Port,,Trunk(tag付き),,,,開発,custom-qos-test-pol,NMSテナント移設時(2019/3/16)に削除
,,,,,,,,,,,,,,nwtm-i9318-zlfc2022,Eth1/31,Port,,Trunk(tag付き),,,,開発,,NMSテナント移設時(2019/3/16)に削除
,,,,bd-tNMSOpeTMNMMonLan1,有,無効,有効,11.18.130.1/26,l3out-topedist,epg-tNMSOpeTMNMMonLan1,NMS_運用多摩NM監視LAN1_多摩本,tNMSOpeTMNMMonLan1,1262,nwtm-i9318-zlfs4011,"Eth1/33,34,35,36",Port Channel,pol-pc-401-p5,Trunk(tag付き),,,,開発,custom-qos-test-pol,NMSテナント移設時(2019/3/16)に削除
,,,,,,,,,,,,,,nwtm-i9318-zlfs4022,"Eth1/33,34,35,36",Port Channel,pol-pc-402-p6,Trunk(tag付き),,,,開発,,NMSテナント移設時(2019/3/16)に削除
,,,,bd-tNMSOpeTMQMMonLan1,有,無効,有効,11.18.130.65/27,l3out-topedist,epg-tNMSOpeTMQMMonLan1,NMS_運用多摩QM監視LAN1_多摩本,tNMSOpeTMQMMonLan1,1263,nwtm-i9318-zlfs4011,"Eth1/33,34,35,36",Port Channel,pol-pc-401-p5,Trunk(tag付き),,,,開発,custom-qos-test-pol,NMSテナント移設時(2019/3/16)に削除
,,,,,,,,,,,,,,nwtm-i9318-zlfs4022,"Eth1/33,34,35,36",Port Channel,pol-pc-402-p6,Trunk(tag付き),,,,開発,,NMSテナント移設時(2019/3/16)に削除
,,,,bd-tNMSOpeTMADMonLan1,有,無効,有効,11.18.130.97/28,l3out-topedist,epg-tNMSOpeTMADMonLan1,NMS_運用多摩AD監視LAN1_多摩本,tNMSOpeTMADMonLan1,1264,nwtm-i9318-zlfs4011,"Eth1/33,34,35,36",Port Channel,pol-pc-401-p5,Trunk(tag付き),,,,開発,custom-qos-test-pol,NMSテナント移設時(2019/3/16)に削除
,,,,,,,,,,,,,,nwtm-i9318-zlfs4022,"Eth1/33,34,35,36",Port Channel,pol-pc-402-p6,Trunk(tag付き),,,,開発,,NMSテナント移設時(2019/3/16)に削除
,,,,bd-tNMSOpeTMportalMonLan1,有,無効,有効,11.18.130.113/28,l3out-topedist,epg-tNMSOpeTMportalMonLan1,NMS_運用多摩ポータル監視LAN1_多摩本,tNMSOpeTMportalMonLan1,1265,nwtm-i9318-zlfs4011,"Eth1/33,34,35,36",Port Channel,pol-pc-401-p5,Trunk(tag付き),,,,開発,custom-qos-test-pol,NMSテナント移設時(2019/3/16)に削除
,,,,,,,,,,,,,,nwtm-i9318-zlfs4022,"Eth1/33,34,35,36",Port Channel,pol-pc-402-p6,Trunk(tag付き),,,,開発,,NMSテナント移設時(2019/3/16)に削除
,,,,bd-tNMSOpeTMNMOpeLan1,有,無効,有効,11.18.130.129/26,l3out-topedist,epg-tNMSOpeTMNMOpeLan1,NMS_運用多摩NM運用LAN1_多摩本,tNMSOpeTMNMOpeLan1,1266,nwtm-i9318-zlfs4011,"Eth1/33,34,35,36",Port Channel,pol-pc-401-p5,Trunk(tag付き),,,,開発,custom-qos-test-pol,NMSテナント移設時(2019/3/16)に削除
,,,,,,,,,,,,,,nwtm-i9318-zlfs4022,"Eth1/33,34,35,36",Port Channel,pol-pc-402-p6,Trunk(tag付き),,,,開発,,NMSテナント移設時(2019/3/16)に削除
,,,,bd-tNMSOpeTMQMOpeLan1,有,無効,有効,11.18.130.193/27,l3out-topedist,epg-tNMSOpeTMQMOpeLan1,NMS_運用多摩QM運用LAN1_多摩本,tNMSOpeTMQMOpeLan1,1267,nwtm-i9318-zlfs4011,"Eth1/33,34,35,36",Port Channel,pol-pc-401-p5,Trunk(tag付き),,,,開発,custom-qos-test-pol,NMSテナント移設時(2019/3/16)に削除
,,,,,,,,,,,,,,nwtm-i9318-zlfs4022,"Eth1/33,34,35,36",Port Channel,pol-pc-402-p6,Trunk(tag付き),,,,開発,,NMSテナント移設時(2019/3/16)に削除
,,,,bd-tNMSOpeTMADOpeLan1,有,無効,有効,11.18.130.225/28,l3out-topedist,epg-tNMSOpeTMADOpeLan1,NMS_運用多摩AD運用LAN1_多摩本,tNMSOpeTMADOpeLan1,1268,nwtm-i9318-zlfs4011,"Eth1/33,34,35,36",Port Channel,pol-pc-401-p5,Trunk(tag付き),,,,開発,custom-qos-test-pol,NMSテナント移設時(2019/3/16)に削除
,,,,,,,,,,,,,,nwtm-i9318-zlfs4022,"Eth1/33,34,35,36",Port Channel,pol-pc-402-p6,Trunk(tag付き),,,,開発,,NMSテナント移設時(2019/3/16)に削除
,,,,bd-tNMSOpeTMportalOpeLan1,有,無効,有効,11.18.130.241/28,l3out-topedist,epg-tNMSOpeTMportalOpeLan1,NMS_運用多摩ポータル運用LAN1_多摩本,tNMSOpeTMportalOpeLan1,1269,nwtm-i9318-zlfs4011,"Eth1/33,34,35,36",Port Channel,pol-pc-401-p5,Trunk(tag付き),,,,開発,custom-qos-test-pol,NMSテナント移設時(2019/3/16)に削除
,,,,,,,,,,,,,,nwtm-i9318-zlfs4022,"Eth1/33,34,35,36",Port Channel,pol-pc-402-p6,Trunk(tag付き),,,,開発,,NMSテナント移設時(2019/3/16)に削除
,,,,bd-tNMSOpeTMHeartBeat,有,無効,有効,11.18.131.1/25,l3out-topedist,epg-tNMSOpeTMHeartBeat,NMS_運用多摩系間LAN1（ハートビート用）_多摩本,tNMSOpeTMHeartBeat,1270,nwtm-i9318-zlfs4011,"Eth1/33,34,35,36",Port Channel,pol-pc-401-p5,Trunk(tag付き),,,,開発,custom-qos-test-pol,NMSテナント移設時(2019/3/16)に削除
,,,,,,,,,,,,,,nwtm-i9318-zlfs4022,"Eth1/33,34,35,36",Port Channel,pol-pc-402-p6,Trunk(tag付き),,,,開発,,NMSテナント移設時(2019/3/16)に削除
,,,,bd-tNMSOpeTMReplication,有,無効,有効,11.18.131.129/25,l3out-topedist,epg-tNMSOpeTMReplication,NMS_運用多摩系間LAN2（レプリケーション用）_多摩本,tNMSOpeTMReplication,1271,nwtm-i9318-zlfs4011,"Eth1/33,34,35,36",Port Channel,pol-pc-401-p5,Trunk(tag付き),,,,開発,custom-qos-test-pol,NMSテナント移設時(2019/3/16)に削除
,,,,,,,,,,,,,,nwtm-i9318-zlfs4022,"Eth1/33,34,35,36",Port Channel,pol-pc-402-p6,Trunk(tag付き),,,,開発,,NMSテナント移設時(2019/3/16)に削除
,,,,bd-tNMS_BigipVip,有,無効,有効,12.18.129.129/28,l3out-topedist,epg-tNMS_BigipVip,NMS_BIG-IP_VIPセグメント_多摩開,tNMS_BigipVip,2056,nwtm-i9318-zlfc2011,Eth1/32,Port,,Trunk(tag付き),,,,開発,custom-qos-test-pol,NMSテナント移設時(2019/3/16)に新規作成
,,,,,,,,,,,,,,nwtm-i9318-zlfc2022,Eth1/32,Port,,Trunk(tag付き),,,,開発,,NMSテナント移設時(2019/3/16)に新規作成
,,,,bd-tNMS_ISE,有,無効,有効,12.18.129.161/28,l3out-topedist,epg-tNMS_ISE,NMS_ISE収容セグメント_多摩開,tNMS_ISE,2058,nwtm-i9318-zlfc2011,Eth1/30,Port,,Trunk(tag付き),,,,開発,custom-qos-test-pol,NMSテナント移設時(2019/3/16)に新規作成
,,,,,,,,,,,,,,nwtm-i9318-zlfc2022,Eth1/30,Port,,Trunk(tag付き),,,,開発,,NMSテナント移設時(2019/3/16)に新規作成
,,,,bd-tNMS_ChukanServer1,有,無効,有効,12.18.129.177/28,l3out-topedist,epg-tNMS_ChukanServer1,NMS_中間サーバ収容セグメント#1_多摩開,tNMS_ChukanServer1,2059,nwtm-i9318-zlfc2011,Eth1/29,Port,,Untagged,,,,開発,custom-qos-test-pol,NMSテナント移設時(2019/3/16)に新規作成
,,,,,,,,,,,,,,nwtm-i9318-zlfc2022,Eth1/29,Port,,Untagged,,,,開発,,NMSテナント移設時(2019/3/16)に新規作成
,,,,bd-tNMS_ChukanServer2,有,無効,有効,12.18.129.193/28,l3out-topedist,epg-tNMS_ChukanServer2,NMS_中間サーバ収容セグメント#2_多摩開,tNMS_ChukanServer2,2060,nwtm-i9318-zlfc2011,Eth1/28,Port,,Untagged,,,,開発,custom-qos-test-pol,NMSテナント移設時(2019/3/16)に新規作成
,,,,,,,,,,,,,,nwtm-i9318-zlfc2022,Eth1/28,Port,,Untagged,,,,開発,,NMSテナント移設時(2019/3/16)に新規作成
,,,,bd-tNMS_ISEL2swMgmt,有,無効,有効,12.18.129.209/28,l3out-topedist,epg-tNMS_ISEL2swMgmt,NMS_ISE収容L2SW被管理セグメント_多摩開,tNMS_ISEL2swMgmt,2061,nwtm-i9318-zlfc2011,Eth1/31,Port,,Trunk(tag付き),,,,開発,custom-qos-test-pol,NMSテナント移設時(2019/3/16)に新規作成
,,,,,,,,,,,,,,nwtm-i9318-zlfc2022,Eth1/31,Port,,Trunk(tag付き),,,,開発,,NMSテナント移設時(2019/3/16)に新規作成
,,,,bd-tDHCP_m2020,有,無効,有効,11.18.133.1/26,l3out-topedist,epg-tDHCP_m2020,DHCPセグメント_Mintra2020,tDHCP_m2020,1272,nwtm-i9318-zlfc2011,Eth1/6,Port,,Trunk(tag付き),,,,開発,custom-qos-test-pol,2019/6末 新規Leaf追加時振替のため削除
,,,,,,,,,,,,,,,Eth1/7,Port,,Trunk(tag付き),,,,,,2019/6末 新規Leaf追加時振替のため削除
,,,,,,,,,,,,,,,Eth1/8,Port,,Trunk(tag付き),,,,,,2019/6末 新規Leaf追加時振替のため削除
,,,,,,,,,,,,,,,Eth1/9,Port,,Trunk(tag付き),,,,,,2019/6末 新規Leaf追加時振替のため削除
,,,,,,,,,,,,,,,Eth1/10,Port,,Trunk(tag付き),,,,,,2019/6末 新規Leaf追加時振替のため削除
,,,,,,,,,,,,,,,Eth1/11,Port,,Trunk(tag付き),,,,,,2019/6末 新規Leaf追加時振替のため削除
,,,,,,,,,,,,,,,Eth1/12,Port,,Trunk(tag付き),,,,,,2019/6末 新規Leaf追加時振替のため削除
,,,,,,,,,,,,,,,Eth1/13,Port,,Trunk(tag付き),,,,,,2019/6末 新規Leaf追加時振替のため削除
,,,,bd-tVMKernel_m2020,有,無効,有効,11.18.133.65/26,l3out-topedist,epg-tVMKernel_m2020,VMkernelセグメント_Mintra2020,tVMKernel_m2020,1273,nwtm-i9318-zlfc2011,Eth1/6,Port,,Trunk(tag付き),,,,開発,custom-qos-test-pol,2019/6末 新規Leaf追加時振替のため削除
,,,,,,,,,,,,,,,Eth1/7,Port,,Trunk(tag付き),,,,,,2019/6末 新規Leaf追加時振替のため削除
,,,,,,,,,,,,,,,Eth1/8,Port,,Trunk(tag付き),,,,,,2019/6末 新規Leaf追加時振替のため削除
,,,,,,,,,,,,,,,Eth1/9,Port,,Trunk(tag付き),,,,,,2019/6末 新規Leaf追加時振替のため削除
,,,,,,,,,,,,,,,Eth1/10,Port,,Trunk(tag付き),,,,,,2019/6末 新規Leaf追加時振替のため削除
,,,,,,,,,,,,,,,Eth1/11,Port,,Trunk(tag付き),,,,,,2019/6末 新規Leaf追加時振替のため削除
,,,,,,,,,,,,,,,Eth1/12,Port,,Trunk(tag付き),,,,,,2019/6末 新規Leaf追加時振替のため削除
,,,,,,,,,,,,,,,Eth1/13,Port,,Trunk(tag付き),,,,,,2019/6末 新規Leaf追加時振替のため削除
,,,,bd-tvMotion_m2020,有,無効,有効,11.18.133.129/26,l3out-topedist,epg-tvMotion_m2020,vMotionセグメント_Mintra2020,tvMotion_m2020,1274,nwtm-i9318-zlfc2011,Eth1/6,Port,,Trunk(tag付き),,,,開発,custom-qos-test-pol,2019/6末 新規Leaf追加時振替のため削除
,,,,,,,,,,,,,,,Eth1/7,Port,,Trunk(tag付き),,,,,,2019/6末 新規Leaf追加時振替のため削除
,,,,,,,,,,,,,,,Eth1/8,Port,,Trunk(tag付き),,,,,,2019/6末 新規Leaf追加時振替のため削除
,,,,,,,,,,,,,,,Eth1/9,Port,,Trunk(tag付き),,,,,,2019/6末 新規Leaf追加時振替のため削除
,,,,,,,,,,,,,,,Eth1/10,Port,,Trunk(tag付き),,,,,,2019/6末 新規Leaf追加時振替のため削除
,,,,,,,,,,,,,,,Eth1/11,Port,,Trunk(tag付き),,,,,,2019/6末 新規Leaf追加時振替のため削除
,,,,,,,,,,,,,,,Eth1/12,Port,,Trunk(tag付き),,,,,,2019/6末 新規Leaf追加時振替のため削除
,,,,,,,,,,,,,,,Eth1/13,Port,,Trunk(tag付き),,,,,,2019/6末 新規Leaf追加時振替のため削除
,,,,bd-tDHCP_m2020,有,無効,有効,11.18.133.1/26,l3out-topedist,epg-tDHCP_m2020,DHCPセグメント_Mintra2020,tDHCP_m2020,1272,nwtm-i9318-zlfs4031,Eth1/1,Port,,Trunk(tag付き),,,,開発,custom-qos-test-pol,
,,,,,,,,,,,,,,,Eth1/2,Port,,Trunk(tag付き),,,,,,
,,,,,,,,,,,,,,,Eth1/3,Port,,Trunk(tag付き),,,,,,
,,,,,,,,,,,,,,,Eth1/4,Port,,Trunk(tag付き),,,,,,
,,,,,,,,,,,,,,,Eth1/5,Port,,Trunk(tag付き),,,,,,
,,,,,,,,,,,,,,,Eth1/6,Port,,Trunk(tag付き),,,,,,
,,,,,,,,,,,,,,,Eth1/7,Port,,Trunk(tag付き),,,,,,
,,,,,,,,,,,,,,,Eth1/8,Port,,Trunk(tag付き),,,,,,
,,,,,,,,,,,,,,nwtm-i9318-zlfs4042,Eth1/1,Port,,Trunk(tag付き),,,,,,
,,,,,,,,,,,,,,,Eth1/2,Port,,Trunk(tag付き),,,,,,
,,,,,,,,,,,,,,,Eth1/3,Port,,Trunk(tag付き),,,,,,
,,,,,,,,,,,,,,,Eth1/4,Port,,Trunk(tag付き),,,,,,
,,,,,,,,,,,,,,,Eth1/5,Port,,Trunk(tag付き),,,,,,
,,,,,,,,,,,,,,,Eth1/6,Port,,Trunk(tag付き),,,,,,
,,,,,,,,,,,,,,,Eth1/7,Port,,Trunk(tag付き),,,,,,
,,,,,,,,,,,,,,,Eth1/8,Port,,Trunk(tag付き),,,,,,
,,,,bd-tVMKernel_m2020,有,無効,有効,11.18.133.65/26,l3out-topedist,epg-tVMKernel_m2020,VMkernelセグメント_Mintra2020,tVMKernel_m2020,1273,nwtm-i9318-zlfs4031,Eth1/1,Port,,Trunk(tag付き),,,,開発,custom-qos-test-pol,
,,,,,,,,,,,,,,,Eth1/2,Port,,Trunk(tag付き),,,,,,
,,,,,,,,,,,,,,,Eth1/3,Port,,Trunk(tag付き),,,,,,
,,,,,,,,,,,,,,,Eth1/4,Port,,Trunk(tag付き),,,,,,
,,,,,,,,,,,,,,,Eth1/5,Port,,Trunk(tag付き),,,,,,
,,,,,,,,,,,,,,,Eth1/6,Port,,Trunk(tag付き),,,,,,
,,,,,,,,,,,,,,,Eth1/7,Port,,Trunk(tag付き),,,,,,
,,,,,,,,,,,,,,,Eth1/8,Port,,Trunk(tag付き),,,,,,
,,,,,,,,,,,,,,nwtm-i9318-zlfs4042,Eth1/1,Port,,Trunk(tag付き),,,,,,
,,,,,,,,,,,,,,,Eth1/2,Port,,Trunk(tag付き),,,,,,
,,,,,,,,,,,,,,,Eth1/3,Port,,Trunk(tag付き),,,,,,
,,,,,,,,,,,,,,,Eth1/4,Port,,Trunk(tag付き),,,,,,
,,,,,,,,,,,,,,,Eth1/5,Port,,Trunk(tag付き),,,,,,
,,,,,,,,,,,,,,,Eth1/6,Port,,Trunk(tag付き),,,,,,
,,,,,,,,,,,,,,,Eth1/7,Port,,Trunk(tag付き),,,,,,
,,,,,,,,,,,,,,,Eth1/8,Port,,Trunk(tag付き),,,,,,
,,,,bd-tvMotion_m2020,有,無効,有効,11.18.133.129/26,l3out-topedist,epg-tvMotion_m2020,vMotionセグメント_Mintra2020,tvMotion_m2020,1274,nwtm-i9318-zlfs4031,Eth1/1,Port,,Trunk(tag付き),,,,開発,custom-qos-test-pol,
,,,,,,,,,,,,,,,Eth1/2,Port,,Trunk(tag付き),,,,,,
,,,,,,,,,,,,,,,Eth1/3,Port,,Trunk(tag付き),,,,,,
,,,,,,,,,,,,,,,Eth1/4,Port,,Trunk(tag付き),,,,,,
,,,,,,,,,,,,,,,Eth1/5,Port,,Trunk(tag付き),,,,,,
,,,,,,,,,,,,,,,Eth1/6,Port,,Trunk(tag付き),,,,,,
,,,,,,,,,,,,,,,Eth1/7,Port,,Trunk(tag付き),,,,,,
,,,,,,,,,,,,,,,Eth1/8,Port,,Trunk(tag付き),,,,,,
,,,,,,,,,,,,,,nwtm-i9318-zlfs4042,Eth1/1,Port,,Trunk(tag付き),,,,,,
,,,,,,,,,,,,,,,Eth1/2,Port,,Trunk(tag付き),,,,,,
,,,,,,,,,,,,,,,Eth1/3,Port,,Trunk(tag付き),,,,,,
,,,,,,,,,,,,,,,Eth1/4,Port,,Trunk(tag付き),,,,,,
,,,,,,,,,,,,,,,Eth1/5,Port,,Trunk(tag付き),,,,,,
,,,,,,,,,,,,,,,Eth1/6,Port,,Trunk(tag付き),,,,,,
,,,,,,,,,,,,,,,Eth1/7,Port,,Trunk(tag付き),,,,,,
,,,,,,,,,,,,,,,Eth1/8,Port,,Trunk(tag付き),,,,,,
,,,,bd-texadata_unyo-1,有,無効,有効,11.18.135.1/27,l3out-topedist,epg-texadata_unyo-1,Exadata X8_VM用運用セグメント#1,texadata_unyo-1,1275,nwtm-i9318-zlfs4031,Eth1/14,Port,,Trunk(tag付き),,,,開発,custom-qos-test-pol,
,,,,,,,,,,,,,,,Eth1/15,Port,,Trunk(tag付き),,,,,,
,,,,,,,,,,,,,,nwtm-i9318-zlfs4042,Eth1/14,Port,,Trunk(tag付き),,,,,,
,,,,,,,,,,,,,,,Eth1/15,Port,,Trunk(tag付き),,,,,,
,,,,bd-texadata_unyo-2,有,無効,有効,11.18.135.33/27,l3out-topedist,epg-texadata_unyo-2,Exadata X8_VM用運用セグメント#1,texadata_unyo-2,1276,nwtm-i9318-zlfs4031,Eth1/14,Port,,Trunk(tag付き),,,,開発,custom-qos-test-pol,
,,,,,,,,,,,,,,,Eth1/15,Port,,Trunk(tag付き),,,,,,
,,,,,,,,,,,,,,nwtm-i9318-zlfs4042,Eth1/14,Port,,Trunk(tag付き),,,,,,
,,,,,,,,,,,,,,,Eth1/15,Port,,Trunk(tag付き),,,,,,
,,,,bd-texadata_unyo-3,有,無効,有効,11.18.135.65/27,l3out-topedist,epg-texadata_unyo-3,Exadata X8_VM用運用セグメント#1,texadata_unyo-3,1277,nwtm-i9318-zlfs4031,Eth1/14,Port,,Trunk(tag付き),,,,開発,custom-qos-test-pol,
,,,,,,,,,,,,,,,Eth1/15,Port,,Trunk(tag付き),,,,,,
,,,,,,,,,,,,,,nwtm-i9318-zlfs4042,Eth1/14,Port,,Trunk(tag付き),,,,,,
,,,,,,,,,,,,,,,Eth1/15,Port,,Trunk(tag付き),,,,,,
,,,,bd-texadata_unyo-4,有,無効,有効,11.18.135.97/27,l3out-topedist,epg-texadata_unyo-4,Exadata X8_VM用運用セグメント#1,texadata_unyo-4,1278,nwtm-i9318-zlfs4031,Eth1/14,Port,,Trunk(tag付き),,,,開発,custom-qos-test-pol,
,,,,,,,,,,,,,,,Eth1/15,Port,,Trunk(tag付き),,,,,,
,,,,,,,,,,,,,,nwtm-i9318-zlfs4042,Eth1/14,Port,,Trunk(tag付き),,,,,,
,,,,,,,,,,,,,,,Eth1/15,Port,,Trunk(tag付き),,,,,,
,,,,bd-texadata_unyo-5,有,無効,有効,11.18.135.129/27,l3out-topedist,epg-texadata_unyo-5,Exadata X8_VM用運用セグメント#1,texadata_unyo-5,1279,nwtm-i9318-zlfs4031,Eth1/14,Port,,Trunk(tag付き),,,,開発,custom-qos-test-pol,
,,,,,,,,,,,,,,,Eth1/15,Port,,Trunk(tag付き),,,,,,
,,,,,,,,,,,,,,nwtm-i9318-zlfs4042,Eth1/14,Port,,Trunk(tag付き),,,,,,
,,,,,,,,,,,,,,,Eth1/15,Port,,Trunk(tag付き),,,,,,
,,,,bd-texadata_unyo-6,有,無効,有効,11.18.135.161/27,l3out-topedist,epg-texadata_unyo-6,Exadata X8_VM用運用セグメント#1,texadata_unyo-6,1280,nwtm-i9318-zlfs4031,Eth1/14,Port,,Trunk(tag付き),,,,開発,custom-qos-test-pol,
,,,,,,,,,,,,,,,Eth1/15,Port,,Trunk(tag付き),,,,,,
,,,,,,,,,,,,,,nwtm-i9318-zlfs4042,Eth1/14,Port,,Trunk(tag付き),,,,,,
,,,,,,,,,,,,,,,Eth1/15,Port,,Trunk(tag付き),,,,,,
,,,,bd-texadata_kanri,有,無効,有効,11.18.133.193/26,l3out-topedist,epg-texadata_kanri,Exadata X8_VM用運用セグメント#1,texadata_kanri,1283,nwtm-i9318-zlfs4031,Eth1/16,Port,,Untagged,,,,開発,custom-qos-test-pol,
,,,,bd-texadata_unyo-7,有,無効,有効,12.18.135.193/27,l3out-topedist,epg-texadata_unyo-7,Exadata X8_VM用運用セグメント#1,texadata_unyo-7,2081,nwtm-i9318-zlfs4031,Eth1/14,Port,,Trunk(tag付き),,,,開発,custom-qos-test-pol,
,,,,,,,,,,,,,,,Eth1/15,Port,,Trunk(tag付き),,,,,,
,,,,,,,,,,,,,,nwtm-i9318-zlfs4042,Eth1/14,Port,,Trunk(tag付き),,,,,,
,,,,,,,,,,,,,,,Eth1/15,Port,,Trunk(tag付き),,,,,,
,,,,bd-texadata_unyo-8,有,無効,有効,12.18.135.225/27,l3out-topedist,epg-texadata_unyo-8,Exadata X8_VM用運用セグメント#1,texadata_unyo-8,2082,nwtm-i9318-zlfs4031,Eth1/14,Port,,Trunk(tag付き),,,,開発,custom-qos-test-pol,
,,,,,,,,,,,,,,,Eth1/15,Port,,Trunk(tag付き),,,,,,
,,,,,,,,,,,,,,nwtm-i9318-zlfs4042,Eth1/14,Port,,Trunk(tag付き),,,,,,
,,,,,,,,,,,,,,,Eth1/15,Port,,Trunk(tag付き),,,,,,
,,,,bd-tmgmt-tm-LAN3,有,無効,有効,11.18.128.193/26,l3out-topedist,epg-tmgmt-tm-LAN3,VM6_管理LAN#2（多摩）,tmgmt-tm-LAN3,1410,nwtm-i9318-zlfs4011,Static Leaf,Port,,Trunk(tag付き),,,,開発,custom-qos-test-pol,
,,,,,,,,,,,,,,nwtm-i9318-zlfs4022,Static Leaf,Port,,Trunk(tag付き),,,,,,
,,,,bd-tvSAN3,有,無効,有効,11.18.132.1/25,l3out-topedist,epg-tvSAN3,VM6_vSAN,tvSAN3,1411,nwtm-i9318-zlfs4011,Static Leaf,Port,,Trunk(tag付き),,,,開発,custom-qos-test-pol,
,,,,,,,,,,,,,,nwtm-i9318-zlfs4022,Static Leaf,Port,,Trunk(tag付き),,,,,,
,,,,bd-purestorage_unyokanri,有,無効,有効,11.18.128.161/27,l3out-topedist,epg-purestorage_unyokanri,PureStorage_運用管理セグメント,purestorage_unyokanri,1285,nwtm-i9318-zlfs4031,eth1/17,Port,,802.1P,,,,開発,custom-qos-test-pol,
,,,,,,,,,,,,,,,eth1/18,Port,,802.1P,,,,,,
,,,,,,,,,,,,,,,eth1/19,Port,,802.1P,,,,,,
,,,,,,,,,,,,,,,eth1/20,Port,,802.1P,,,,,,
,,,,,,,,,,,,,,nwtm-i9318-zlfs4042,eth1/17,Port,,802.1P,,,,,,
,,,,,,,,,,,,,,,eth1/18,Port,,802.1P,,,,,,
,,,,,,,,,,,,,,,eth1/19,Port,,802.1P,,,,,,
,,,,,,,,,,,,,,,eth1/20,Port,,802.1P,,,,,,
,,,,,,,,,,,,,,nwtm-i9318-zlfs4011,"Eth1/33,34,35,36",Port Channel,pol-pc-401-p5,Trunk(tag付き),,,,,,
,,,,,,,,,,,,,,nwtm-i9318-zlfs4022,"Eth1/33,34,35,36",Port Channel,pol-pc-402-p6,Trunk(tag付き),,,,,,
,,,,,,,,,,,,,,nwtm-i9318-zlfs4011,Eth1/37,Virtual Port Channel,pol-vpc-401-402-port-37,Trunk(tag付き),,,,,,
,,,,,,,,,,,,,,nwtm-i9318-zlfs4022,Eth1/37,Virtual Port Channel,pol-vpc-401-402-port-37,Trunk(tag付き),,,,,,
,tm-vinf,仮想インフラ,vrf-vinf,bd-vxlan,有,有効,有効,11.12.192.1/22,-,epg-vxlan,VM6_VXLAN,vxlan,1404,nwtm-i9318-zlfc2011,Eth1/45,Port,,Trunk(tag付き),,,,NSXのVXLAN用,custom-qos-vxlan-pol,
,,,,,,,,,,,,,,nwtm-i9318-zlfc2022,Eth1/46,Port,,Trunk(tag付き),,,,,,
,,,,,,,,,,,,,,nwtm-i9318-zlfi3011,Eth1/45,Port,,Trunk(tag付き),,,,,,
,,,,,,,,,,,,,,nwtm-i9318-zlfi3022,Eth1/46,Port,,Trunk(tag付き),,,,,,
,,,,,,,,,,,,,,nwtm-i9318-zlfs4011,Static Leaf,-,,Trunk(tag付き),,,,,,
,,,,,,,,,,,,,,nwtm-i9318-zlfs4022,Static Leaf,-,,Trunk(tag付き),,,,,,ACI内でvSphereでのマーキング値を基にクラシファイを行う。
,,,,bd-vmotion,有,無効,有効,11.18.18.1/23,-,epg-vmotion,VM6_vMotion,vmotion,1403,nwtm-i9318-zlfc2011,Eth1/45,Port,,Trunk(tag付き),,,,本番運用,custom-qos-vinf-pol,
,,,,,,,,,,,,,,nwtm-i9318-zlfc2022,Eth1/46,Port,,Trunk(tag付き),,,,,,
,,,,,,,,,,,,,,nwtm-i9318-zlfi3011,Eth1/45,Port,,Trunk(tag付き),,,,,,
,,,,,,,,,,,,,,nwtm-i9318-zlfi3022,Eth1/46,Port,,Trunk(tag付き),,,,,,
,,,,,,,,,,,,,,nwtm-i9318-zlfs4011,Static Leaf,-,,Trunk(tag付き),,,,,,
,,,,,,,,,,,,,,nwtm-i9318-zlfs4022,Static Leaf,-,,Trunk(tag付き),,,,,,
,,,,bd-ft,有,無効,有効,11.18.16.1/23,-,epg-ft,VM6_FT,ft,1402,nwtm-i9318-zlfc2011,Eth1/45,Port,,Trunk(tag付き),,,,本番運用,custom-qos-vinf-pol,
,,,,,,,,,,,,,,nwtm-i9318-zlfc2022,Eth1/46,Port,,Trunk(tag付き),,,,,,
,,,,,,,,,,,,,,nwtm-i9318-zlfi3011,Eth1/45,Port,,Trunk(tag付き),,,,,,
,,,,,,,,,,,,,,nwtm-i9318-zlfi3022,Eth1/46,Port,,Trunk(tag付き),,,,,,
,,,,,,,,,,,,,,nwtm-i9318-zlfs4011,Static Leaf,-,,Trunk(tag付き),,,,,,
,,,,,,,,,,,,,,nwtm-i9318-zlfs4022,Static Leaf,-,,Trunk(tag付き),,,,,,
,,,,bd-tmgmt-ch-LAN3,有,無効,有効,11.42.128.193/26,-,epg-tmgmt-ch-LAN3,VM6_管理LAN#2（千葉）,tmgmt-ch-LAN3,1414,nwtm-i9318-zlfs4011,Static Leaf,-,,Trunk(tag付き),,,,本番運用,custom-qos-vinf-pol,
,,,,,,,,,,,,,,nwtm-i9318-zlfs4022,Static Leaf,-,,Trunk(tag付き),,,,,,
,tm-pbak,"統合バックアップ
（本番業務面情報系）",vrf-pbak,bd-pbackup1,有,無効,有効,11.8.24.1/22,l3out-pbakbk,epg-pbackup1,VM6_バックアップ#1,pbackup1,1405,nwtm-i9318-zlfc2011,Eth1/45,Port,,Trunk(tag付き),,,,本番情報・本番その他,custom-qos-pbak-pol,
,,,,,,,,,,,,,,nwtm-i9318-zlfc2022,Eth1/46,Port,,Trunk(tag付き),,,,,,
,,,,,,,,,,,,,,nwtm-i9318-zlfi3011,Eth1/45,Port,,Trunk(tag付き),,,,,,
,,,,,,,,,,,,,,nwtm-i9318-zlfi3022,Eth1/46,Port,,Trunk(tag付き),,,,,,
,,,,,,,,,,,,,,nwtm-i9318-zlfs4011,Static Leaf,-,,Trunk(tag付き),,,,,,
,,,,,,,,,,,,,,nwtm-i9318-zlfs4022,Static Leaf,-,,Trunk(tag付き),,,,,,
,,,,bd-pbackup2,有,無効,有効,11.8.28.1/22,l3out-pbakbk,epg-pbackup2,VM6_バックアップ#2,pbackup2,1406,nwtm-i9318-zlfc2011,Eth1/45,Port,,Trunk(tag付き),,,,本番情報・本番その他,custom-qos-pbak-pol,
,,,,,,,,,,,,,,nwtm-i9318-zlfc2022,Eth1/46,Port,,Trunk(tag付き),,,,,,
,,,,,,,,,,,,,,nwtm-i9318-zlfi3011,Eth1/45,Port,,Trunk(tag付き),,,,,,
,,,,,,,,,,,,,,nwtm-i9318-zlfi3022,Eth1/46,Port,,Trunk(tag付き),,,,,,
,,,,,,,,,,,,,,nwtm-i9318-zlfs4011,Static Leaf,-,,Trunk(tag付き),,,,,,
,,,,,,,,,,,,,,nwtm-i9318-zlfs4022,Static Leaf,-,,Trunk(tag付き),,,,,,
,,,,bd-pHitachiBK_m2020,有,無効,有効,11.8.20.65/26,l3out-pbakbk,epg-pHitachiBK_m2020,日立バック収容セグメント_Mintra2020,pHitachiBK_m2020,1412,nwtm-i9318-zlfc2011,Eth1/6,Port,,Trunk(tag付き),,,,本番情報・本番その他,custom-qos-pbak-pol,2019/6末 新規Leaf追加時振替のため削除(一発本番)
,,,,,,,,,,,,,,,Eth1/7,Port,,Trunk(tag付き),,,,,,2019/6末 新規Leaf追加時振替のため削除(一発本番)
,,,,,,,,,,,,,,,Eth1/8,Port,,Trunk(tag付き),,,,,,2019/6末 新規Leaf追加時振替のため削除(一発本番)
,,,,,,,,,,,,,,,Eth1/9,Port,,Trunk(tag付き),,,,,,2019/6末 新規Leaf追加時振替のため削除(一発本番)
,,,,,,,,,,,,,,,Eth1/10,Port,,Trunk(tag付き),,,,,,2019/6末 新規Leaf追加時振替のため削除(一発本番)
,,,,,,,,,,,,,,,Eth1/11,Port,,Trunk(tag付き),,,,,,2019/6末 新規Leaf追加時振替のため削除(一発本番)
,,,,,,,,,,,,,,,Eth1/12,Port,,Trunk(tag付き),,,,,,2019/6末 新規Leaf追加時振替のため削除(一発本番)
,,,,,,,,,,,,,,,Eth1/13,Port,,Trunk(tag付き),,,,,,2019/6末 新規Leaf追加時振替のため削除(一発本番)
,,,,bd-pHitachiBK_m2020,有,無効,有効,11.8.20.65/26,l3out-pbakbk,epg-pHitachiBK_m2020,日立バック収容セグメント_Mintra2020,pHitachiBK_m2020,1412,nwtm-i9318-zlfs4031,Eth1/1,Port,,Trunk(tag付き),,,,本番情報・本番その他,custom-qos-pbak-pol,
,,,,,,,,,,,,,,,Eth1/2,Port,,Trunk(tag付き),,,,,,
,,,,,,,,,,,,,,,Eth1/3,Port,,Trunk(tag付き),,,,,,
,,,,,,,,,,,,,,,Eth1/4,Port,,Trunk(tag付き),,,,,,
,,,,,,,,,,,,,,,Eth1/5,Port,,Trunk(tag付き),,,,,,
,,,,,,,,,,,,,,,Eth1/6,Port,,Trunk(tag付き),,,,,,
,,,,,,,,,,,,,,,Eth1/7,Port,,Trunk(tag付き),,,,,,
,,,,,,,,,,,,,,,Eth1/8,Port,,Trunk(tag付き),,,,,,
,,,,,,,,,,,,,,nwtm-i9318-zlfs4042,Eth1/1,Port,,Trunk(tag付き),,,,,,
,,,,,,,,,,,,,,,Eth1/2,Port,,Trunk(tag付き),,,,,,
,,,,,,,,,,,,,,,Eth1/3,Port,,Trunk(tag付き),,,,,,
,,,,,,,,,,,,,,,Eth1/4,Port,,Trunk(tag付き),,,,,,
,,,,,,,,,,,,,,,Eth1/5,Port,,Trunk(tag付き),,,,,,
,,,,,,,,,,,,,,,Eth1/6,Port,,Trunk(tag付き),,,,,,
,,,,,,,,,,,,,,,Eth1/7,Port,,Trunk(tag付き),,,,,,
,,,,,,,,,,,,,,,Eth1/8,Port,,Trunk(tag付き),,,,,,
,tm-pnms,本番NMS,vrf-pnms,bd-pNMS_BigipVip,有,無効,有効,11.18.129.129/28,l3out-pnmsdist,epg-pNMS_BigipVip,NMS_BIG-IP_VIPセグメント_多摩本,pNMS_BigipVip,1256,nwtm-i9318-zlfc2011,Eth1/1,Port,,Trunk(tag付き),,,,本番運用,custom-qos-pnms-pol,2019/3/16に新規作成。2019/08/24に削除(NMS更改)
,,,,,,,,,,,,,,nwtm-i9318-zlfc2022,Eth1/1,Port,,Trunk(tag付き),,,,本番運用,,2019/3/16に新規作成。2019/08/24に削除(NMS更改)
,,,,bd-pNMS_BigipVip_ISE,有,無効,有効,10.192.12.33/27,l3out-pnmsdist,epg-pNMS_BigipVip_ISE,NMS_BIG-IP_VIPセグメント_多摩本,pNMS_BigipVip_ISE,1413,nwtm-i9318-zlfc2011,Eth1/1,Port,,Trunk(tag付き),,,,本番運用,custom-qos-pnms-pol,2019/8/24新規作成（NMS更改）
,,,,,,,,,,,,,,nwtm-i9318-zlfc2022,Eth1/1,Port,,Trunk(tag付き),,,,本番運用,,2019/8/24新規作成（NMS更改）
,,,,bd-pNMS_ISE,有,無効,有効,11.18.129.161/28,l3out-pnmsdist,epg-pNMS_ISE,NMS_ISE収容セグメント_多摩本,pNMS_ISE,1258,nwtm-i9318-zlfc2011,Eth1/3,Port,,Trunk(tag付き),,,,本番運用,custom-qos-pnms-pol,NMSテナント移設時(2019/3/16)に新規作成
,,,,,,,,,,,,,,nwtm-i9318-zlfc2022,Eth1/3,Port,,Trunk(tag付き),,,,本番運用,,NMSテナント移設時(2019/3/16)に新規作成
,,,,bd-pNMS_HikitsugiServer1,有,無効,有効,11.18.129.177/28,l3out-pnmsdist,epg-pNMS_HikitsugiServer1,NMS_引継ぎサーバ収容セグメント#1_多摩本,pNMS_HikitsugiServer1,1259,nwtm-i9318-zlfc2011,Eth1/4,Port,,Untagged,,,,本番運用,custom-qos-pnms-pol,NMSテナント移設時(2019/3/16)に新規作成
,,,,,,,,,,,,,,nwtm-i9318-zlfc2022,Eth1/4,Port,,Untagged,,,,本番運用,,NMSテナント移設時(2019/3/16)に新規作成
,,,,bd-pNMS_HikitsugiServer2,有,無効,有効,11.18.129.193/28,l3out-pnmsdist,epg-pNMS_HikitsugiServer2,NMS_引継ぎサーバ収容セグメント#2_多摩本,pNMS_HikitsugiServer2,1260,nwtm-i9318-zlfc2011,Eth1/5,Port,,Untagged,,,,本番運用,custom-qos-pnms-pol,NMSテナント移設時(2019/3/16)に新規作成
,,,,,,,,,,,,,,nwtm-i9318-zlfc2022,Eth1/5,Port,,Untagged,,,,本番運用,,NMSテナント移設時(2019/3/16)に新規作成
,,,,bd-pNMS_ISEL2swMgmt,有,無効,有効,11.18.129.209/28,l3out-pnmsdist,epg-pNMS_ISEL2swMgmt,NMS_ISE収容L2SW被管理セグメント_多摩本,pNMS_ISEL2swMgmt,1261,nwtm-i9318-zlfc2011,Eth1/2,Port,,Trunk(tag付き),,,,本番運用,custom-qos-pnms-pol,NMSテナント移設時(2019/3/16)に新規作成
,,,,,,,,,,,,,,nwtm-i9318-zlfc2022,Eth1/2,Port,,Trunk(tag付き),,,,本番運用,,NMSテナント移設時(2019/3/16)に新規作成
,,,,bd-pNMS_NMkanshi,有,無効,有効,11.18.130.1/26,l3out-pnmsdist,epg-pNMS_NMkanshi,NMS_運用多摩NM監視LAN1_多摩本,pNMS_NMkanshi,1262,nwtm-i9318-zlfs4011,"Eth1/33,34,35,36",Port Channel,pol-pc-401-p5,Trunk(tag付き),,,,本番運用,custom-qos-pnms-pol,NMSテナント移設時(2019/3/16)に新規作成
,,,,,,,,,,,,,,nwtm-i9318-zlfs4022,"Eth1/33,34,35,36",Port Channel,pol-pc-402-p6,Trunk(tag付き),,,,本番運用,,NMSテナント移設時(2019/3/16)に新規作成
,,,,bd-pNMS_QMkanshi,有,無効,有効,11.18.130.65/27,l3out-pnmsdist,epg-pNMS_QMkanshi,NMS_運用多摩QM監視LAN1_多摩本,pNMS_QMkanshi,1263,nwtm-i9318-zlfs4011,"Eth1/33,34,35,36",Port Channel,pol-pc-401-p5,Trunk(tag付き),,,,本番運用,custom-qos-pnms-pol,NMSテナント移設時(2019/3/16)に新規作成
,,,,,,,,,,,,,,nwtm-i9318-zlfs4022,"Eth1/33,34,35,36",Port Channel,pol-pc-402-p6,Trunk(tag付き),,,,本番運用,,NMSテナント移設時(2019/3/16)に新規作成
,,,,bd-pNMS_ADkanshi,有,無効,有効,11.18.130.97/28,l3out-pnmsdist,epg-pNMS_ADkanshi,NMS_運用多摩AD監視LAN1_多摩本,pNMS_ADkanshi,1264,nwtm-i9318-zlfs4011,"Eth1/33,34,35,36",Port Channel,pol-pc-401-p5,Trunk(tag付き),,,,本番運用,custom-qos-pnms-pol,NMSテナント移設時(2019/3/16)に新規作成
,,,,,,,,,,,,,,nwtm-i9318-zlfs4022,"Eth1/33,34,35,36",Port Channel,pol-pc-402-p6,Trunk(tag付き),,,,本番運用,,NMSテナント移設時(2019/3/16)に新規作成
,,,,bd-pNMS_PORTALkanshi,有,無効,有効,11.18.130.113/28,l3out-pnmsdist,epg-pNMS_PORTALkanshi,NMS_運用多摩ポータル監視LAN1_多摩本,pNMS_PORTALkanshi,1265,nwtm-i9318-zlfs4011,"Eth1/33,34,35,36",Port Channel,pol-pc-401-p5,Trunk(tag付き),,,,本番運用,custom-qos-pnms-pol,NMSテナント移設時(2019/3/16)に新規作成
,,,,,,,,,,,,,,nwtm-i9318-zlfs4022,"Eth1/33,34,35,36",Port Channel,pol-pc-402-p6,Trunk(tag付き),,,,本番運用,,NMSテナント移設時(2019/3/16)に新規作成
,,,,bd-pNMS_NMunyo,有,無効,有効,11.18.130.129/26,l3out-pnmsdist,epg-pNMS_NMunyo,NMS_運用多摩NM運用LAN1_多摩本,pNMS_NMunyo,1266,nwtm-i9318-zlfs4011,"Eth1/33,34,35,36",Port Channel,pol-pc-401-p5,Trunk(tag付き),,,,本番運用,custom-qos-pnms-pol,NMSテナント移設時(2019/3/16)に新規作成
,,,,,,,,,,,,,,nwtm-i9318-zlfs4022,"Eth1/33,34,35,36",Port Channel,pol-pc-402-p6,Trunk(tag付き),,,,本番運用,,NMSテナント移設時(2019/3/16)に新規作成
,,,,bd-pNMS_QMunyo,有,無効,有効,11.18.130.193/27,l3out-pnmsdist,epg-pNMS_QMunyo,NMS_運用多摩QM運用LAN1_多摩本,pNMS_QMunyo,1267,nwtm-i9318-zlfs4011,"Eth1/33,34,35,36",Port Channel,pol-pc-401-p5,Trunk(tag付き),,,,本番運用,custom-qos-pnms-pol,NMSテナント移設時(2019/3/16)に新規作成
,,,,,,,,,,,,,,nwtm-i9318-zlfs4022,"Eth1/33,34,35,36",Port Channel,pol-pc-402-p6,Trunk(tag付き),,,,本番運用,,NMSテナント移設時(2019/3/16)に新規作成
,,,,bd-pNMS_ADunyo,有,無効,有効,11.18.130.225/28,l3out-pnmsdist,epg-pNMS_ADunyo,NMS_運用多摩AD運用LAN1_多摩本,pNMS_ADunyo,1268,nwtm-i9318-zlfs4011,"Eth1/33,34,35,36",Port Channel,pol-pc-401-p5,Trunk(tag付き),,,,本番運用,custom-qos-pnms-pol,NMSテナント移設時(2019/3/16)に新規作成
,,,,,,,,,,,,,,nwtm-i9318-zlfs4022,"Eth1/33,34,35,36",Port Channel,pol-pc-402-p6,Trunk(tag付き),,,,本番運用,,NMSテナント移設時(2019/3/16)に新規作成
,,,,bd-pNMS_PORTALunyo,有,無効,有効,11.18.130.241/28,l3out-pnmsdist,epg-pNMS_PORTALunyo,NMS_運用多摩ポータル運用LAN1_多摩本,pNMS_PORTALunyo,1269,nwtm-i9318-zlfs4011,"Eth1/33,34,35,36",Port Channel,pol-pc-401-p5,Trunk(tag付き),,,,本番運用,custom-qos-pnms-pol,NMSテナント移設時(2019/3/16)に新規作成
,,,,,,,,,,,,,,nwtm-i9318-zlfs4022,"Eth1/33,34,35,36",Port Channel,pol-pc-402-p6,Trunk(tag付き),,,,本番運用,,NMSテナント移設時(2019/3/16)に新規作成
,,,,bd-pNMS_HeartBeat,有,無効,有効,11.18.131.1/25,l3out-pnmsdist,epg-pNMS_HeartBeat,NMS_運用多摩系間LAN1（ハートビート用）_多摩本,pNMS_HeartBeat,1270,nwtm-i9318-zlfs4011,"Eth1/33,34,35,36",Port Channel,pol-pc-401-p5,Trunk(tag付き),,,,本番運用,custom-qos-pnms-pol,NMSテナント移設時(2019/3/16)に新規作成
,,,,,,,,,,,,,,nwtm-i9318-zlfs4022,"Eth1/33,34,35,36",Port Channel,pol-pc-402-p6,Trunk(tag付き),,,,本番運用,,NMSテナント移設時(2019/3/16)に新規作成
,,,,bd-pNMS_Replication,有,無効,有効,11.18.131.129/25,l3out-pnmsdist,epg-pNMS_Replication,NMS_運用多摩系間LAN2（レプリケーション用）_多摩本,pNMS_Replication,1271,nwtm-i9318-zlfs4011,"Eth1/33,34,35,36",Port Channel,pol-pc-401-p5,Trunk(tag付き),,,,本番運用,custom-qos-pnms-pol,NMSテナント移設時(2019/3/16)に新規作成
,,,,,,,,,,,,,,nwtm-i9318-zlfs4022,"Eth1/33,34,35,36",Port Channel,pol-pc-402-p6,Trunk(tag付き),,,,本番運用,,NMSテナント移設時(2019/3/16)に新規作成
,tm-pwan,本番WAN Dist接続,vrf-pwan,bd-pFT3,有,無効,有効,11.18.134.1/26,l3out-topedist,epg-pFT3,VM6_FT#3,pFT3,1415,nwtm-i9318-zlfs4011,Static Leaf,Port,,Trunk(tag付き),,,,本番情報・本番その他,custom-qos-pwan-pol,次期外決 本番昇格環境構築時(2019/9/19)に新規作成
,,,,,,,,,,,,,,nwtm-i9318-zlfs4022,Static Leaf,Port,,Trunk(tag付き),,,,,,次期外決 本番昇格環境構築時(2019/9/19)に新規作成
,,,,bd-pvMotion3,有,無効,有効,11.18.134.65/26,l3out-topedist,epg-pvMotion3,VM6_vMotion#3,pvMotion3,1416,nwtm-i9318-zlfs4011,Static Leaf,Port,,Trunk(tag付き),,,,本番情報・本番その他,custom-qos-pwan-pol,次期外決 本番昇格環境構築時(2019/9/19)に新規作成
,,,,,,,,,,,,,,nwtm-i9318-zlfs4022,Static Leaf,Port,,Trunk(tag付き),,,,,,次期外決 本番昇格環境構築時(2019/9/19)に新規作成
,,,,bd-pVXLAN3,有,無効,有効,11.18.134.129/26,l3out-topedist,epg-pVXLAN3,VM6_VXLAN#3,pVXLAN3,1417,nwtm-i9318-zlfs4011,Static Leaf,Port,,Trunk(tag付き),,,,本番情報・本番その他,custom-qos-pwan-pol,次期外決 本番昇格環境構築時(2019/9/19)に新規作成
,,,,,,,,,,,,,,nwtm-i9318-zlfs4022,Static Leaf,Port,,Trunk(tag付き),,,,,,次期外決 本番昇格環境構築時(2019/9/19)に新規作成
